tool,seed_keyword,keyword,intent,volume,kd_percent,cpc_usd,sf,updated,source_file
Keyword Magic Tool,create your own children's book,create your own children's book,I,210,32,0.00,,1 month,raw/keyword_magic_create_your_own_childrens_book_2026-06-30.txt
Keyword Magic Tool,create your own children's book,create your own children's book gift,C,50,60,0.00,,1 month,raw/keyword_magic_create_your_own_childrens_book_2026-06-30.txt
Keyword Magic Tool,create your own children's book,create your own children's board book,n/a,10,n/a,0.00,,"For metrics, refresh",raw/keyword_magic_create_your_own_childrens_book_2026-06-30.txt
Keyword Magic Tool,create your own children's book,create your own children's book online,n/a,10,n/a,0.00,,"For metrics, refresh",raw/keyword_magic_create_your_own_childrens_book_2026-06-30.txt
Keyword Magic Tool,create your own children's book,how to create your own children's book,n/a,10,n/a,0.00,,"For metrics, refresh",raw/keyword_magic_create_your_own_childrens_book_2026-06-30.txt
Keyword Magic Tool,create your own children's book,children's books create your own,n/a,0,n/a,0.00,,"For metrics, refresh",raw/keyword_magic_create_your_own_childrens_book_2026-06-30.txt
Keyword Magic Tool,create your own children's book,children's create your own book,n/a,0,n/a,0.00,,"For metrics, refresh",raw/keyword_magic_create_your_own_childrens_book_2026-06-30.txt
Keyword Magic Tool,create your own children's book,create and publish your own children's book,n/a,0,n/a,0.00,,"For metrics, refresh",raw/keyword_magic_create_your_own_childrens_book_2026-06-30.txt
Keyword Magic Tool,create your own children's book,create your own children's book free,n/a,0,n/a,0.00,,"For metrics, refresh",raw/keyword_magic_create_your_own_childrens_book_2026-06-30.txt
Keyword Magic Tool,create your own children's book,create your own children's book kit,n/a,0,n/a,0.00,,"For metrics, refresh",raw/keyword_magic_create_your_own_childrens_book_2026-06-30.txt
Keyword Magic Tool,create your own children's book,create your own children's book online free,n/a,0,n/a,0.00,,"For metrics, refresh",raw/keyword_magic_create_your_own_childrens_book_2026-06-30.txt
Keyword Magic Tool,create your own children's book,create your own children's book template,n/a,0,n/a,0.00,,"For metrics, refresh",raw/keyword_magic_create_your_own_childrens_book_2026-06-30.txt
Keyword Magic Tool,create your own children's book,create your own children's picture book,n/a,0,n/a,0.00,,"For metrics, refresh",raw/keyword_magic_create_your_own_childrens_book_2026-06-30.txt
Keyword Magic Tool,create your own children's book,create your own children's story book,n/a,0,n/a,0.00,,"For metrics, refresh",raw/keyword_magic_create_your_own_childrens_book_2026-06-30.txt
Keyword Magic Tool,create your own children's book,create your own personalized children's book,n/a,0,n/a,0.00,,"For metrics, refresh",raw/keyword_magic_create_your_own_childrens_book_2026-06-30.txt
Keyword Magic Tool,create your own children's book,creating your own children's book,n/a,0,n/a,0.00,,"For metrics, refresh",raw/keyword_magic_create_your_own_childrens_book_2026-06-30.txt
Keyword Magic Tool,create your own children's book,free create your own children's book,n/a,0,n/a,0.00,,"For metrics, refresh",raw/keyword_magic_create_your_own_childrens_book_2026-06-30.txt
Keyword Magic Tool,custom children's book,custom children's books,C,"1,900",48,1.70,,3 weeks,raw/keyword_magic_custom_childrens_book_2026-06-30.txt
Keyword Magic Tool,custom children's book,custom children's book,C,880,26,0.00,,1 month,raw/keyword_magic_custom_childrens_book_2026-06-30.txt
Keyword Magic Tool,custom children's book,customized children's books,C,210,24,0.00,,1 month,raw/keyword_magic_custom_childrens_book_2026-06-30.txt
Keyword Magic Tool,custom children's book,custom children's book printing,C,70,12,0.00,,1 month,raw/keyword_magic_custom_childrens_book_2026-06-30.txt
Keyword Magic Tool,custom children's book,custom made children's books,C,40,51,0.00,,1 month,raw/keyword_magic_custom_childrens_book_2026-06-30.txt
Keyword Magic Tool,custom children's book,customized children's books with pictures,C,40,55,0.00,,1 month,raw/keyword_magic_custom_childrens_book_2026-06-30.txt
Keyword Magic Tool,custom children's book,custom children's book with dog,n/a,30,n/a,0.00,,"For metrics, refresh",raw/keyword_magic_custom_childrens_book_2026-06-30.txt
Keyword Magic Tool,custom children's book,custom children's board book,n/a,20,n/a,0.00,,"For metrics, refresh",raw/keyword_magic_custom_childrens_book_2026-06-30.txt
Keyword Magic Tool,custom children's book,custom.children's book,n/a,20,n/a,0.00,,"For metrics, refresh",raw/keyword_magic_custom_childrens_book_2026-06-30.txt
Keyword Magic Tool,custom children's book,customized children's book,n/a,20,n/a,0.00,,"For metrics, refresh",raw/keyword_magic_custom_childrens_book_2026-06-30.txt
Keyword Magic Tool,custom children's book,monthly custom children's book club,n/a,20,n/a,0.00,,"For metrics, refresh",raw/keyword_magic_custom_childrens_book_2026-06-30.txt
Keyword Magic Tool,custom children's book,children's book customized,n/a,10,n/a,0.00,,"For metrics, refresh",raw/keyword_magic_custom_childrens_book_2026-06-30.txt
Keyword Magic Tool,custom children's book,create custom children's book,n/a,10,n/a,0.00,,"For metrics, refresh",raw/keyword_magic_custom_childrens_book_2026-06-30.txt
Keyword Magic Tool,custom children's book,custom children's book for dad,n/a,10,n/a,0.00,,"For metrics, refresh",raw/keyword_magic_custom_childrens_book_2026-06-30.txt
Keyword Magic Tool,custom children's book,custom children's book for mother's day,n/a,10,n/a,0.00,,"For metrics, refresh",raw/keyword_magic_custom_childrens_book_2026-06-30.txt
Keyword Magic Tool,custom children's book,custom children's book generator,n/a,10,n/a,0.00,,"For metrics, refresh",raw/keyword_magic_custom_childrens_book_2026-06-30.txt
Keyword Magic Tool,custom children's book,custom children's books eco-friendly recycled paper,n/a,10,n/a,0.00,,"For metrics, refresh",raw/keyword_magic_custom_childrens_book_2026-06-30.txt
Keyword Magic Tool,custom children's book,custom dog children's book,n/a,10,n/a,0.00,,"For metrics, refresh",raw/keyword_magic_custom_childrens_book_2026-06-30.txt
Keyword Magic Tool,custom children's book,custom made children's book,n/a,10,n/a,0.00,,"For metrics, refresh",raw/keyword_magic_custom_childrens_book_2026-06-30.txt
Keyword Magic Tool,custom children's book,customized children's story books,n/a,10,n/a,0.00,,"For metrics, refresh",raw/keyword_magic_custom_childrens_book_2026-06-30.txt
Keyword Magic Tool,custom children's book,popular themes in customized children's books,n/a,10,n/a,0.00,,"For metrics, refresh",raw/keyword_magic_custom_childrens_book_2026-06-30.txt
Keyword Magic Tool,custom children's book,action jackson children's book custome,n/a,0,n/a,0.00,,"For metrics, refresh",raw/keyword_magic_custom_childrens_book_2026-06-30.txt
Keyword Magic Tool,custom children's book,add your own story custom children's book,n/a,0,n/a,0.00,,"For metrics, refresh",raw/keyword_magic_custom_childrens_book_2026-06-30.txt
Keyword Magic Tool,custom children's book,ai custom children's book,n/a,0,n/a,0.00,,"For metrics, refresh",raw/keyword_magic_custom_childrens_book_2026-06-30.txt
Keyword Magic Tool,custom children's book,avatar custom children's books,n/a,0,n/a,0.00,,"For metrics, refresh",raw/keyword_magic_custom_childrens_book_2026-06-30.txt
Keyword Magic Tool,custom children's book,best custom children's book set companies for gifts,n/a,0,n/a,0.00,,"For metrics, refresh",raw/keyword_magic_custom_childrens_book_2026-06-30.txt
Keyword Magic Tool,custom children's book,best customized children's books,n/a,0,n/a,0.00,,"For metrics, refresh",raw/keyword_magic_custom_childrens_book_2026-06-30.txt
Keyword Magic Tool,custom children's book,children's board book custom,n/a,0,n/a,0.00,,"For metrics, refresh",raw/keyword_magic_custom_childrens_book_2026-06-30.txt
Keyword Magic Tool,custom children's book,children's book customer acquisition cost,n/a,0,n/a,0.00,,"For metrics, refresh",raw/keyword_magic_custom_childrens_book_2026-06-30.txt
Keyword Magic Tool,custom children's book,children's book customized name,n/a,0,n/a,0.00,,"For metrics, refresh",raw/keyword_magic_custom_childrens_book_2026-06-30.txt
Keyword Magic Tool,custom children's book,children's book customized with their name,n/a,0,n/a,0.00,,"For metrics, refresh",raw/keyword_magic_custom_childrens_book_2026-06-30.txt
Keyword Magic Tool,custom children's book,children's book you can customize,n/a,0,n/a,0.00,,"For metrics, refresh",raw/keyword_magic_custom_childrens_book_2026-06-30.txt
Keyword Magic Tool,custom children's book,children's books about customs and traditions,n/a,0,n/a,0.00,,"For metrics, refresh",raw/keyword_magic_custom_childrens_book_2026-06-30.txt
Keyword Magic Tool,custom children's book,children's books custom,n/a,0,n/a,0.00,,"For metrics, refresh",raw/keyword_magic_custom_childrens_book_2026-06-30.txt
Keyword Magic Tool,custom children's book,children's books customized,n/a,0,n/a,0.00,,"For metrics, refresh",raw/keyword_magic_custom_childrens_book_2026-06-30.txt
Keyword Magic Tool,custom children's book,children's books with custom names,n/a,0,n/a,0.00,,"For metrics, refresh",raw/keyword_magic_custom_childrens_book_2026-06-30.txt
Keyword Magic Tool,custom children's book,children's books you can add custom photos to,n/a,0,n/a,0.00,,"For metrics, refresh",raw/keyword_magic_custom_childrens_book_2026-06-30.txt
Keyword Magic Tool,custom children's book,children's custom books,n/a,0,n/a,0.00,,"For metrics, refresh",raw/keyword_magic_custom_childrens_book_2026-06-30.txt
Keyword Magic Tool,custom children's book,children's customized books,n/a,0,n/a,0.00,,"For metrics, refresh",raw/keyword_magic_custom_childrens_book_2026-06-30.txt
Keyword Magic Tool,custom children's book,children's customized name books,n/a,0,n/a,0.00,,"For metrics, refresh",raw/keyword_magic_custom_childrens_book_2026-06-30.txt
Keyword Magic Tool,custom children's book,create a custom children's book,n/a,0,n/a,0.00,,"For metrics, refresh",raw/keyword_magic_custom_childrens_book_2026-06-30.txt
Keyword Magic Tool,custom children's book,custom board children's book,n/a,0,n/a,0.00,,"For metrics, refresh",raw/keyword_magic_custom_childrens_book_2026-06-30.txt
Keyword Magic Tool,custom children's book,custom books for children's,n/a,0,n/a,0.00,,"For metrics, refresh",raw/keyword_magic_custom_childrens_book_2026-06-30.txt
Keyword Magic Tool,custom children's book,custom carlton children's books,n/a,0,n/a,0.00,,"For metrics, refresh",raw/keyword_magic_custom_childrens_book_2026-06-30.txt
Keyword Magic Tool,custom children's book,custom cheap children's picture books,n/a,0,n/a,0.00,,"For metrics, refresh",raw/keyword_magic_custom_childrens_book_2026-06-30.txt
Keyword Magic Tool,custom children's book,custom children s books,n/a,0,n/a,0.00,,"For metrics, refresh",raw/keyword_magic_custom_childrens_book_2026-06-30.txt
Keyword Magic Tool,custom children's book,custom children's board book printing,n/a,0,n/a,0.00,,"For metrics, refresh",raw/keyword_magic_custom_childrens_book_2026-06-30.txt
Keyword Magic Tool,custom children's book,custom children's board books,n/a,0,n/a,0.00,,"For metrics, refresh",raw/keyword_magic_custom_childrens_book_2026-06-30.txt
Keyword Magic Tool,custom children's book,custom children's board books printing,n/a,0,n/a,0.00,,"For metrics, refresh",raw/keyword_magic_custom_childrens_book_2026-06-30.txt
Keyword Magic Tool,custom children's book,custom children's book australia,n/a,0,n/a,0.00,,"For metrics, refresh",raw/keyword_magic_custom_childrens_book_2026-06-30.txt
Keyword Magic Tool,custom children's book,custom children's book binding,n/a,0,n/a,0.00,,"For metrics, refresh",raw/keyword_magic_custom_childrens_book_2026-06-30.txt
Keyword Magic Tool,custom children's book,custom children's book canada,n/a,0,n/a,0.00,,"For metrics, refresh",raw/keyword_magic_custom_childrens_book_2026-06-30.txt
Keyword Magic Tool,custom children's book,custom children's book child cartoon,n/a,0,n/a,0.00,,"For metrics, refresh",raw/keyword_magic_custom_childrens_book_2026-06-30.txt
Keyword Magic Tool,custom children's book,custom children's book dog,n/a,0,n/a,0.00,,"For metrics, refresh",raw/keyword_magic_custom_childrens_book_2026-06-30.txt
Keyword Magic Tool,custom children's book,custom children's book father's day,n/a,0,n/a,0.00,,"For metrics, refresh",raw/keyword_magic_custom_childrens_book_2026-06-30.txt
Keyword Magic Tool,custom children's book,custom children's book fathers day,n/a,0,n/a,0.00,,"For metrics, refresh",raw/keyword_magic_custom_childrens_book_2026-06-30.txt
Keyword Magic Tool,custom children's book,custom children's book for grandparents,n/a,0,n/a,0.00,,"For metrics, refresh",raw/keyword_magic_custom_childrens_book_2026-06-30.txt
Keyword Magic Tool,custom children's book,custom children's book for mom,n/a,0,n/a,0.00,,"For metrics, refresh",raw/keyword_magic_custom_childrens_book_2026-06-30.txt
Keyword Magic Tool,custom children's book,custom children's book for mothers day,n/a,0,n/a,0.00,,"For metrics, refresh",raw/keyword_magic_custom_childrens_book_2026-06-30.txt
Keyword Magic Tool,custom children's book,custom children's book for siblings,n/a,0,n/a,0.00,,"For metrics, refresh",raw/keyword_magic_custom_childrens_book_2026-06-30.txt
Keyword Magic Tool,custom children's book,custom children's book from aunt and uncle,n/a,0,n/a,0.00,,"For metrics, refresh",raw/keyword_magic_custom_childrens_book_2026-06-30.txt
Keyword Magic Tool,custom children's book,custom children's book illustrations australia,n/a,0,n/a,0.00,,"For metrics, refresh",raw/keyword_magic_custom_childrens_book_2026-06-30.txt
Keyword Magic Tool,custom children's book,custom children's book illustrations brisbane,n/a,0,n/a,0.00,,"For metrics, refresh",raw/keyword_magic_custom_childrens_book_2026-06-30.txt
Keyword Magic Tool,custom children's book,custom children's book illustrations cairns,n/a,0,n/a,0.00,,"For metrics, refresh",raw/keyword_magic_custom_childrens_book_2026-06-30.txt
Keyword Magic Tool,custom children's book,custom children's book illustrations gold coast,n/a,0,n/a,0.00,,"For metrics, refresh",raw/keyword_magic_custom_childrens_book_2026-06-30.txt
Keyword Magic Tool,custom children's book,custom children's book illustrations melbourne,n/a,0,n/a,0.00,,"For metrics, refresh",raw/keyword_magic_custom_childrens_book_2026-06-30.txt
Keyword Magic Tool,custom children's book,custom children's book illustrations new south wales,n/a,0,n/a,0.00,,"For metrics, refresh",raw/keyword_magic_custom_childrens_book_2026-06-30.txt
Keyword Magic Tool,custom children's book,custom children's book illustrations queensland,n/a,0,n/a,0.00,,"For metrics, refresh",raw/keyword_magic_custom_childrens_book_2026-06-30.txt
Keyword Magic Tool,custom children's book,custom children's book illustrations sunshine coast,n/a,0,n/a,0.00,,"For metrics, refresh",raw/keyword_magic_custom_childrens_book_2026-06-30.txt
Keyword Magic Tool,custom children's book,custom children's book illustrations sydney,n/a,0,n/a,0.00,,"For metrics, refresh",raw/keyword_magic_custom_childrens_book_2026-06-30.txt
Keyword Magic Tool,custom children's book,custom children's book illustrations victoria,n/a,0,n/a,0.00,,"For metrics, refresh",raw/keyword_magic_custom_childrens_book_2026-06-30.txt
Keyword Magic Tool,custom children's book,custom children's book printing and binding,n/a,0,n/a,0.00,,"For metrics, refresh",raw/keyword_magic_custom_childrens_book_2026-06-30.txt
Keyword Magic Tool,custom children's book,custom children's book printing recycled paper,n/a,0,n/a,0.00,,"For metrics, refresh",raw/keyword_magic_custom_childrens_book_2026-06-30.txt
Keyword Magic Tool,custom children's book,custom children's book printing services,n/a,0,n/a,0.00,,"For metrics, refresh",raw/keyword_magic_custom_childrens_book_2026-06-30.txt
Keyword Magic Tool,custom children's book,custom children's book siblings,n/a,0,n/a,0.00,,"For metrics, refresh",raw/keyword_magic_custom_childrens_book_2026-06-30.txt
Keyword Magic Tool,custom children's book,custom children's book spelling of name with animals,n/a,0,n/a,0.00,,"For metrics, refresh",raw/keyword_magic_custom_childrens_book_2026-06-30.txt
Keyword Magic Tool,custom children's book,custom children's book stickers,n/a,0,n/a,0.00,,"For metrics, refresh",raw/keyword_magic_custom_childrens_book_2026-06-30.txt
Keyword Magic Tool,custom children's book,custom children's book story formats,n/a,0,n/a,0.00,,"For metrics, refresh",raw/keyword_magic_custom_childrens_book_2026-06-30.txt
Keyword Magic Tool,custom children's book,custom children's book with child's name,n/a,0,n/a,0.00,,"For metrics, refresh",raw/keyword_magic_custom_childrens_book_2026-06-30.txt
Keyword Magic Tool,custom children's book,custom children's book with pets,n/a,0,n/a,0.00,,"For metrics, refresh",raw/keyword_magic_custom_childrens_book_2026-06-30.txt
Keyword Magic Tool,custom children's book,custom children's book with two mom,n/a,0,n/a,0.00,,"For metrics, refresh",raw/keyword_magic_custom_childrens_book_2026-06-30.txt
Keyword Magic Tool,custom children's book,custom children's book wo,n/a,0,n/a,0.00,,"For metrics, refresh",raw/keyword_magic_custom_childrens_book_2026-06-30.txt
Keyword Magic Tool,custom children's book,custom children's book. general,n/a,0,n/a,0.00,,"For metrics, refresh",raw/keyword_magic_custom_childrens_book_2026-06-30.txt
Keyword Magic Tool,custom children's book,custom children's books australia,n/a,0,n/a,0.00,,"For metrics, refresh",raw/keyword_magic_custom_childrens_book_2026-06-30.txt
Keyword Magic Tool,custom children's book,custom children's books canada,n/a,0,n/a,0.00,,"For metrics, refresh",raw/keyword_magic_custom_childrens_book_2026-06-30.txt
Keyword Magic Tool,custom children's book,custom children's books christmas,n/a,0,n/a,1.37,,"For metrics, refresh",raw/keyword_magic_custom_childrens_book_2026-06-30.txt
Keyword Magic Tool,custom children's book,custom children's books eco friendly recycled paper,n/a,0,n/a,0.00,,"For metrics, refresh",raw/keyword_magic_custom_childrens_book_2026-06-30.txt
Keyword Magic Tool,custom children's book,custom children's books in print,n/a,0,n/a,0.00,,"For metrics, refresh",raw/keyword_magic_custom_childrens_book_2026-06-30.txt
Keyword Magic Tool,custom children's book,custom children's books same day shipping,n/a,0,n/a,0.00,,"For metrics, refresh",raw/keyword_magic_custom_childrens_book_2026-06-30.txt
Keyword Magic Tool,custom children's book,custom children's books with photos,n/a,0,n/a,0.00,,"For metrics, refresh",raw/keyword_magic_custom_childrens_book_2026-06-30.txt
Keyword Magic Tool,custom children's book,custom children's books with pop ups,n/a,0,n/a,0.00,,"For metrics, refresh",raw/keyword_magic_custom_childrens_book_2026-06-30.txt
Keyword Magic Tool,custom children's book,custom children's books with sounds effects,n/a,0,n/a,0.00,,"For metrics, refresh",raw/keyword_magic_custom_childrens_book_2026-06-30.txt
Keyword Magic Tool,custom children's book,custom children's christmas book,n/a,0,n/a,0.00,,"For metrics, refresh",raw/keyword_magic_custom_childrens_book_2026-06-30.txt
Keyword Magic Tool,custom children's book,custom children's hanukkah books,n/a,0,n/a,0.00,,"For metrics, refresh",raw/keyword_magic_custom_childrens_book_2026-06-30.txt
Keyword Magic Tool,custom children's book,custom children's hardcover books,n/a,0,n/a,0.00,,"For metrics, refresh",raw/keyword_magic_custom_childrens_book_2026-06-30.txt
Keyword Magic Tool,custom children's book,custom children's mickey book,n/a,0,n/a,0.00,,"For metrics, refresh",raw/keyword_magic_custom_childrens_book_2026-06-30.txt
Keyword Magic Tool,custom children's book,custom children's paperback books,n/a,0,n/a,0.00,,"For metrics, refresh",raw/keyword_magic_custom_childrens_book_2026-06-30.txt
Keyword Magic Tool,custom children's book,custom children's picture bible book,n/a,0,n/a,0.00,,"For metrics, refresh",raw/keyword_magic_custom_childrens_book_2026-06-30.txt
Keyword Magic Tool,custom children's book,custom children's picture bible book company,n/a,0,n/a,0.00,,"For metrics, refresh",raw/keyword_magic_custom_childrens_book_2026-06-30.txt
Keyword Magic Tool,custom children's book,custom children's picture books,n/a,0,n/a,0.00,,"For metrics, refresh",raw/keyword_magic_custom_childrens_book_2026-06-30.txt
Keyword Magic Tool,personalized baby books,personalized baby books,C,"2,400",18,1.45,,4 weeks,raw/keyword_magic_personalized_baby_books_2026-06-30.txt
Keyword Magic Tool,personalized baby books,personalized baby book,C,"1,000",17,0.00,,3 weeks,raw/keyword_magic_personalized_baby_books_2026-06-30.txt
Keyword Magic Tool,personalized baby books,personalized books for babies,C,720,14,0.00,,1 month,raw/keyword_magic_personalized_baby_books_2026-06-30.txt
Keyword Magic Tool,personalized baby books,personalized book for baby,C,210,16,0.00,,1 month,raw/keyword_magic_personalized_baby_books_2026-06-30.txt
Keyword Magic Tool,personalized baby books,personalized story books for babies,C,210,21,0.00,,4 weeks,raw/keyword_magic_personalized_baby_books_2026-06-30.txt
Keyword Magic Tool,personalized baby books,personalized baby book with name,C,170,14,0.00,,1 month,raw/keyword_magic_personalized_baby_books_2026-06-30.txt
Keyword Magic Tool,personalized baby books,baby book personalized,C,140,11,0.00,,1 month,raw/keyword_magic_personalized_baby_books_2026-06-30.txt
Keyword Magic Tool,personalized baby books,personalized baby story books,C,140,13,0.00,,1 month,raw/keyword_magic_personalized_baby_books_2026-06-30.txt
Keyword Magic Tool,personalized baby books,personalized book for baby boy,C,140,15,0.00,,1 month,raw/keyword_magic_personalized_baby_books_2026-06-30.txt
Keyword Magic Tool,personalized baby books,personalized book for baby girl,I;C,140,14,0.00,,1 month,raw/keyword_magic_personalized_baby_books_2026-06-30.txt
Keyword Magic Tool,personalized baby books,personalized books for baby,C,140,16,0.00,,1 month,raw/keyword_magic_personalized_baby_books_2026-06-30.txt
Keyword Magic Tool,personalized baby books,best personalized baby memory books 2025 2026,n/a,110,n/a,0.00,,"For metrics, refresh",raw/keyword_magic_personalized_baby_books_2026-06-30.txt
Keyword Magic Tool,personalized baby books,personalized baby book first year,C,110,12,0.00,,1 month,raw/keyword_magic_personalized_baby_books_2026-06-30.txt
Keyword Magic Tool,personalized baby books,personalized baby books with name,C,110,13,0.00,,1 month,raw/keyword_magic_personalized_baby_books_2026-06-30.txt
Keyword Magic Tool,personalized baby books,personalized book for dad from baby,I;C,90,1,0.00,,4 weeks,raw/keyword_magic_personalized_baby_books_2026-06-30.txt
Keyword Magic Tool,personalized baby books,best personalized baby books,C,70,9,0.00,,1 month,raw/keyword_magic_personalized_baby_books_2026-06-30.txt
Keyword Magic Tool,personalized baby books,personalized baby board book,C,70,27,0.00,,1 month,raw/keyword_magic_personalized_baby_books_2026-06-30.txt
Keyword Magic Tool,personalized baby books,personalized baby memory book,C,70,9,0.00,,4 weeks,raw/keyword_magic_personalized_baby_books_2026-06-30.txt
Keyword Magic Tool,personalized baby books,personalized baby books for boys,C,50,14,0.00,,1 month,raw/keyword_magic_personalized_baby_books_2026-06-30.txt
Keyword Magic Tool,personalized baby books,personalized dog book for baby,C,50,3,0.00,,1 month,raw/keyword_magic_personalized_baby_books_2026-06-30.txt
Keyword Magic Tool,personalized baby books,baby's first christmas book personalized,C,40,3,0.00,,1 month,raw/keyword_magic_personalized_baby_books_2026-06-30.txt
Keyword Magic Tool,personalized baby books,personalized board books for babies,n/a,40,n/a,0.00,,"For metrics, refresh",raw/keyword_magic_personalized_baby_books_2026-06-30.txt
Keyword Magic Tool,personalized baby books,personalized first christmas book for baby,I;C,40,3,0.00,,1 month,raw/keyword_magic_personalized_baby_books_2026-06-30.txt
Keyword Magic Tool,personalized baby books,baby personalized book,n/a,30,n/a,0.00,,"For metrics, refresh",raw/keyword_magic_personalized_baby_books_2026-06-30.txt
Keyword Magic Tool,personalized baby books,baby's first christmas book personalized with name,n/a,30,n/a,0.00,,"For metrics, refresh",raw/keyword_magic_personalized_baby_books_2026-06-30.txt
Keyword Magic Tool,personalized baby books,baby's first christmas personalized book,n/a,30,n/a,0.00,,"For metrics, refresh",raw/keyword_magic_personalized_baby_books_2026-06-30.txt
Keyword Magic Tool,personalized baby books,personalized baby books for girls,n/a,30,n/a,0.00,,"For metrics, refresh",raw/keyword_magic_personalized_baby_books_2026-06-30.txt
Keyword Magic Tool,personalized baby books,personalized baby's first christmas book,n/a,30,n/a,0.00,,"For metrics, refresh",raw/keyword_magic_personalized_baby_books_2026-06-30.txt
Keyword Magic Tool,personalized baby books,personalized book for mom from baby,n/a,30,n/a,0.00,,"For metrics, refresh",raw/keyword_magic_personalized_baby_books_2026-06-30.txt
Keyword Magic Tool,personalized baby books,personalized christmas book for baby,n/a,30,n/a,0.00,,"For metrics, refresh",raw/keyword_magic_personalized_baby_books_2026-06-30.txt
Keyword Magic Tool,personalized baby books,baby book for boy personalized,n/a,20,n/a,0.00,,"For metrics, refresh",raw/keyword_magic_personalized_baby_books_2026-06-30.txt
Keyword Magic Tool,personalized baby books,baby books personalized,n/a,20,n/a,0.00,,"For metrics, refresh",raw/keyword_magic_personalized_baby_books_2026-06-30.txt
Keyword Magic Tool,personalized baby books,baby memory book personalized,n/a,20,n/a,0.00,,"For metrics, refresh",raw/keyword_magic_personalized_baby_books_2026-06-30.txt
Keyword Magic Tool,personalized baby books,best personalized baby memory books,n/a,20,n/a,0.00,,"For metrics, refresh",raw/keyword_magic_personalized_baby_books_2026-06-30.txt
Keyword Magic Tool,personalized baby books,best personalized baby memory books 2025 or 2026,n/a,20,n/a,0.00,,"For metrics, refresh",raw/keyword_magic_personalized_baby_books_2026-06-30.txt
Keyword Magic Tool,personalized baby books,best personalized baby memory books 2026,n/a,20,n/a,0.00,,"For metrics, refresh",raw/keyword_magic_personalized_baby_books_2026-06-30.txt
Keyword Magic Tool,personalized baby books,personalized baby book from aunt,n/a,20,n/a,0.00,,"For metrics, refresh",raw/keyword_magic_personalized_baby_books_2026-06-30.txt
Keyword Magic Tool,personalized baby books,personalized baby memory books,n/a,20,n/a,0.00,,"For metrics, refresh",raw/keyword_magic_personalized_baby_books_2026-06-30.txt
Keyword Magic Tool,personalized baby books,personalized baby name book,n/a,20,n/a,0.00,,"For metrics, refresh",raw/keyword_magic_personalized_baby_books_2026-06-30.txt
Keyword Magic Tool,personalized baby books,personalized books for babies from grandparents,n/a,20,n/a,0.00,,"For metrics, refresh",raw/keyword_magic_personalized_baby_books_2026-06-30.txt
Keyword Magic Tool,personalized baby books,personalized dog baby book,n/a,20,n/a,0.00,,"For metrics, refresh",raw/keyword_magic_personalized_baby_books_2026-06-30.txt
Keyword Magic Tool,personalized baby books,personalized easter book for baby,n/a,20,n/a,0.00,,"For metrics, refresh",raw/keyword_magic_personalized_baby_books_2026-06-30.txt
Keyword Magic Tool,personalized baby books,personalized family book for baby,n/a,20,n/a,0.00,,"For metrics, refresh",raw/keyword_magic_personalized_baby_books_2026-06-30.txt
Keyword Magic Tool,personalized baby books,personalized father's day book from baby,n/a,20,n/a,0.00,,"For metrics, refresh",raw/keyword_magic_personalized_baby_books_2026-06-30.txt
Keyword Magic Tool,personalized baby books,baby personalized books,n/a,10,n/a,0.00,,"For metrics, refresh",raw/keyword_magic_personalized_baby_books_2026-06-30.txt
Keyword Magic Tool,personalized baby books,baby's first birthday personalized book,n/a,10,n/a,0.00,,"For metrics, refresh",raw/keyword_magic_personalized_baby_books_2026-06-30.txt
Keyword Magic Tool,personalized baby books,best personalized baby memory books 2025,n/a,10,n/a,0.00,,"For metrics, refresh",raw/keyword_magic_personalized_baby_books_2026-06-30.txt
Keyword Magic Tool,personalized baby books,best personalized baby milestone books for parents,n/a,10,n/a,0.00,,"For metrics, refresh",raw/keyword_magic_personalized_baby_books_2026-06-30.txt
Keyword Magic Tool,personalized baby books,best personalized books for babies,n/a,10,n/a,0.00,,"For metrics, refresh",raw/keyword_magic_personalized_baby_books_2026-06-30.txt
Keyword Magic Tool,personalized baby books,daddy and baby book personalized,n/a,10,n/a,0.00,,"For metrics, refresh",raw/keyword_magic_personalized_baby_books_2026-06-30.txt
Keyword Magic Tool,personalized baby books,dog and baby personalized book,n/a,10,n/a,0.00,,"For metrics, refresh",raw/keyword_magic_personalized_baby_books_2026-06-30.txt
Keyword Magic Tool,personalized baby books,my very own name personalized baby book reviews,n/a,10,n/a,0.00,,"For metrics, refresh",raw/keyword_magic_personalized_baby_books_2026-06-30.txt
Keyword Magic Tool,personalized baby books,personal baby book,n/a,10,n/a,0.00,,"For metrics, refresh",raw/keyword_magic_personalized_baby_books_2026-06-30.txt
Keyword Magic Tool,personalized baby books,personalize baby book,n/a,10,n/a,0.00,,"For metrics, refresh",raw/keyword_magic_personalized_baby_books_2026-06-30.txt
Keyword Magic Tool,personalized baby books,personalized baby board books,n/a,10,n/a,0.00,,"For metrics, refresh",raw/keyword_magic_personalized_baby_books_2026-06-30.txt
Keyword Magic Tool,personalized baby books,personalized baby book for dad,n/a,10,n/a,0.00,,"For metrics, refresh",raw/keyword_magic_personalized_baby_books_2026-06-30.txt
Keyword Magic Tool,personalized baby books,personalized baby book keepsake,n/a,10,n/a,0.00,,"For metrics, refresh",raw/keyword_magic_personalized_baby_books_2026-06-30.txt
Keyword Magic Tool,personalized baby books,personalized baby book with dog,n/a,10,n/a,0.00,,"For metrics, refresh",raw/keyword_magic_personalized_baby_books_2026-06-30.txt
Keyword Magic Tool,personalized baby books,personalized baby books for twins,n/a,10,n/a,0.00,,"For metrics, refresh",raw/keyword_magic_personalized_baby_books_2026-06-30.txt
Keyword Magic Tool,personalized baby books,personalized baby books from aunt,n/a,10,n/a,0.00,,"For metrics, refresh",raw/keyword_magic_personalized_baby_books_2026-06-30.txt
Keyword Magic Tool,personalized baby books,personalized baby books from grandparents,n/a,10,n/a,0.00,,"For metrics, refresh",raw/keyword_magic_personalized_baby_books_2026-06-30.txt
Keyword Magic Tool,personalized baby books,personalized baby books with pictures,n/a,10,n/a,0.00,,"For metrics, refresh",raw/keyword_magic_personalized_baby_books_2026-06-30.txt
Keyword Magic Tool,personalized baby books,personalized baby boy books,n/a,10,n/a,0.00,,"For metrics, refresh",raw/keyword_magic_personalized_baby_books_2026-06-30.txt
Keyword Magic Tool,personalized baby books,personalized baby christmas book,n/a,10,n/a,0.00,,"For metrics, refresh",raw/keyword_magic_personalized_baby_books_2026-06-30.txt
Keyword Magic Tool,personalized baby books,personalized baby first christmas book,n/a,10,n/a,0.00,,"For metrics, refresh",raw/keyword_magic_personalized_baby_books_2026-06-30.txt
Keyword Magic Tool,personalized baby books,personalized baby first year book,n/a,10,n/a,0.00,,"For metrics, refresh",raw/keyword_magic_personalized_baby_books_2026-06-30.txt
Keyword Magic Tool,personalized baby books,personalized baby keepsake book,n/a,10,n/a,0.00,,"For metrics, refresh",raw/keyword_magic_personalized_baby_books_2026-06-30.txt
Keyword Magic Tool,personalized baby books,personalized baby photo book,n/a,10,n/a,0.00,,"For metrics, refresh",raw/keyword_magic_personalized_baby_books_2026-06-30.txt
Keyword Magic Tool,personalized baby books,personalized baby shower guest book,n/a,10,n/a,0.00,,"For metrics, refresh",raw/keyword_magic_personalized_baby_books_2026-06-30.txt
Keyword Magic Tool,personalized baby books,personalized baby story book,n/a,10,n/a,0.00,,"For metrics, refresh",raw/keyword_magic_personalized_baby_books_2026-06-30.txt
Keyword Magic Tool,personalized baby books,personalized board book for baby,n/a,10,n/a,0.00,,"For metrics, refresh",raw/keyword_magic_personalized_baby_books_2026-06-30.txt
Keyword Magic Tool,personalized baby books,personalized book for baby from grandparents,n/a,10,n/a,0.00,,"For metrics, refresh",raw/keyword_magic_personalized_baby_books_2026-06-30.txt
Keyword Magic Tool,personalized baby books,personalized book for grandma from baby,n/a,10,n/a,0.00,,"For metrics, refresh",raw/keyword_magic_personalized_baby_books_2026-06-30.txt
Keyword Magic Tool,personalized baby books,personalized dog and baby book,n/a,10,n/a,0.00,,"For metrics, refresh",raw/keyword_magic_personalized_baby_books_2026-06-30.txt
Keyword Magic Tool,personalized baby books,personalized mother's day book from baby,n/a,10,n/a,0.00,,"For metrics, refresh",raw/keyword_magic_personalized_baby_books_2026-06-30.txt
Keyword Magic Tool,personalized baby books,personalized name book for baby,n/a,10,n/a,0.00,,"For metrics, refresh",raw/keyword_magic_personalized_baby_books_2026-06-30.txt
Keyword Magic Tool,personalized baby books,personalized new baby book,n/a,10,n/a,0.00,,"For metrics, refresh",raw/keyword_magic_personalized_baby_books_2026-06-30.txt
Keyword Magic Tool,personalized baby books,personalized photo board books for babies,n/a,10,n/a,0.00,,"For metrics, refresh",raw/keyword_magic_personalized_baby_books_2026-06-30.txt
Keyword Magic Tool,personalized baby books,personalized story book for baby,n/a,10,n/a,0.00,,"For metrics, refresh",raw/keyword_magic_personalized_baby_books_2026-06-30.txt
Keyword Magic Tool,personalized baby books,welcome baby personalized book,n/a,10,n/a,0.00,,"For metrics, refresh",raw/keyword_magic_personalized_baby_books_2026-06-30.txt
Keyword Magic Tool,personalized baby books,welcome to the world personalized baby book,n/a,10,n/a,0.00,,"For metrics, refresh",raw/keyword_magic_personalized_baby_books_2026-06-30.txt
Keyword Magic Tool,personalized baby books,+personalized +baby +books,n/a,0,n/a,0.00,,"For metrics, refresh",raw/keyword_magic_personalized_baby_books_2026-06-30.txt
Keyword Magic Tool,personalized baby books,1st year baby book personalized,n/a,0,n/a,0.00,,"For metrics, refresh",raw/keyword_magic_personalized_baby_books_2026-06-30.txt
Keyword Magic Tool,personalized baby books,2 mommies and baby book personalized,n/a,0,n/a,0.00,,"For metrics, refresh",raw/keyword_magic_personalized_baby_books_2026-06-30.txt
Keyword Magic Tool,personalized baby books,affordable personalized baby memory books,n/a,0,n/a,0.00,,"For metrics, refresh",raw/keyword_magic_personalized_baby_books_2026-06-30.txt
Keyword Magic Tool,personalized baby books,african american personalized baby books,n/a,0,n/a,0.00,,"For metrics, refresh",raw/keyword_magic_personalized_baby_books_2026-06-30.txt
Keyword Magic Tool,personalized baby books,amazon personalized baby books,n/a,0,n/a,0.00,,"For metrics, refresh",raw/keyword_magic_personalized_baby_books_2026-06-30.txt
Keyword Magic Tool,personalized baby books,amelia baby book person,n/a,0,n/a,0.00,,"For metrics, refresh",raw/keyword_magic_personalized_baby_books_2026-06-30.txt
Keyword Magic Tool,personalized baby books,babies first birthday personalized audio book,n/a,0,n/a,0.00,,"For metrics, refresh",raw/keyword_magic_personalized_baby_books_2026-06-30.txt
Keyword Magic Tool,personalized baby books,babies personalized book,n/a,0,n/a,0.00,,"For metrics, refresh",raw/keyword_magic_personalized_baby_books_2026-06-30.txt
Keyword Magic Tool,personalized baby books,baby and daddy personalized book,n/a,0,n/a,0.00,,"For metrics, refresh",raw/keyword_magic_personalized_baby_books_2026-06-30.txt
Keyword Magic Tool,personalized baby books,baby and dog personalized book,n/a,0,n/a,0.00,,"For metrics, refresh",raw/keyword_magic_personalized_baby_books_2026-06-30.txt
Keyword Magic Tool,personalized baby books,baby board book personalized,n/a,0,n/a,0.00,,"For metrics, refresh",raw/keyword_magic_personalized_baby_books_2026-06-30.txt
Keyword Magic Tool,personalized baby books,baby board books personalized,n/a,0,n/a,0.00,,"For metrics, refresh",raw/keyword_magic_personalized_baby_books_2026-06-30.txt
Keyword Magic Tool,personalized baby books,baby book for fathers day personalized,n/a,0,n/a,0.00,,"For metrics, refresh",raw/keyword_magic_personalized_baby_books_2026-06-30.txt
Keyword Magic Tool,personalized baby books,baby book personalization,n/a,0,n/a,0.00,,"For metrics, refresh",raw/keyword_magic_personalized_baby_books_2026-06-30.txt
Keyword Magic Tool,personalized baby books,baby book personalized name,n/a,0,n/a,0.00,,"For metrics, refresh",raw/keyword_magic_personalized_baby_books_2026-06-30.txt
Keyword Magic Tool,personalized baby books,baby books for boys personalized,n/a,0,n/a,0.00,,"For metrics, refresh",raw/keyword_magic_personalized_baby_books_2026-06-30.txt
Keyword Magic Tool,personalized baby books,baby books personalized with pictures,n/a,0,n/a,0.00,,"For metrics, refresh",raw/keyword_magic_personalized_baby_books_2026-06-30.txt
Keyword Magic Tool,personalized baby books,baby books with personalized names,n/a,0,n/a,0.00,,"For metrics, refresh",raw/keyword_magic_personalized_baby_books_2026-06-30.txt
Keyword Magic Tool,personalized christmas book,christmas books personalized,C,720,9,2.63,,1 month,raw/keyword_magic_personalized_christmas_book_2026-06-30.txt
Keyword Magic Tool,personalized christmas book,personalized christmas book,C,590,2,2.63,,1 month,raw/keyword_magic_personalized_christmas_book_2026-06-30.txt
Keyword Magic Tool,personalized christmas book,personalized children's christmas books,I;C,480,6,0.00,,1 month,raw/keyword_magic_personalized_christmas_book_2026-06-30.txt
Keyword Magic Tool,personalized christmas book,personalized christmas books,C,320,8,2.63,,1 month,raw/keyword_magic_personalized_christmas_book_2026-06-30.txt
Keyword Magic Tool,personalized christmas book,personalized christmas books for kids,C,320,2,0.00,,1 month,raw/keyword_magic_personalized_christmas_book_2026-06-30.txt
Keyword Magic Tool,personalized christmas book,personalized night before christmas book,C,260,5,2.65,,1 month,raw/keyword_magic_personalized_christmas_book_2026-06-30.txt
Keyword Magic Tool,personalized christmas book,night before christmas personalized book,C,110,6,2.65,,1 month,raw/keyword_magic_personalized_christmas_book_2026-06-30.txt
Keyword Magic Tool,personalized christmas book,personalized childrens christmas books,C,110,0,0.00,,1 month,raw/keyword_magic_personalized_christmas_book_2026-06-30.txt
Keyword Magic Tool,personalized christmas book,personalized christmas children's books,C,110,6,0.00,,4 weeks,raw/keyword_magic_personalized_christmas_book_2026-06-30.txt
Keyword Magic Tool,personalized christmas book,personalized first christmas book,C,90,5,2.38,,1 month,raw/keyword_magic_personalized_christmas_book_2026-06-30.txt
Keyword Magic Tool,personalized christmas book,personalized kids christmas books,C,90,3,0.00,,4 weeks,raw/keyword_magic_personalized_christmas_book_2026-06-30.txt
Keyword Magic Tool,personalized christmas book,night before christmas book personalized,C,70,9,2.65,,1 month,raw/keyword_magic_personalized_christmas_book_2026-06-30.txt
Keyword Magic Tool,personalized christmas book,personalized christmas childrens books,C,70,9,0.00,,1 month,raw/keyword_magic_personalized_christmas_book_2026-06-30.txt
Keyword Magic Tool,personalized christmas book,personalized christmas books for 2 siblings,C,50,5,1.52,,1 month,raw/keyword_magic_personalized_christmas_book_2026-06-30.txt
Keyword Magic Tool,personalized christmas book,personalized family christmas book,C,50,1,2.00,,1 month,raw/keyword_magic_personalized_christmas_book_2026-06-30.txt
Keyword Magic Tool,personalized christmas book,twas the night before christmas personalized book,C,50,5,0.00,,3 weeks,raw/keyword_magic_personalized_christmas_book_2026-06-30.txt
Keyword Magic Tool,personalized christmas book,baby's first christmas book personalized,C,40,3,0.00,,1 month,raw/keyword_magic_personalized_christmas_book_2026-06-30.txt
Keyword Magic Tool,personalized christmas book,my first christmas book personalized,I;C,40,3,2.20,,1 month,raw/keyword_magic_personalized_christmas_book_2026-06-30.txt
Keyword Magic Tool,personalized christmas book,my first christmas personalized book,C,40,3,2.20,,1 month,raw/keyword_magic_personalized_christmas_book_2026-06-30.txt
Keyword Magic Tool,personalized christmas book,personalized christmas book for kids,C,40,6,0.00,,1 month,raw/keyword_magic_personalized_christmas_book_2026-06-30.txt
Keyword Magic Tool,personalized christmas book,personalized first christmas book for baby,I;C,40,3,0.00,,1 month,raw/keyword_magic_personalized_christmas_book_2026-06-30.txt
Keyword Magic Tool,personalized christmas book,personalized my first christmas book,C,40,5,2.20,,1 month,raw/keyword_magic_personalized_christmas_book_2026-06-30.txt
Keyword Magic Tool,personalized christmas book,baby's first christmas book personalized with name,n/a,30,n/a,0.00,,"For metrics, refresh",raw/keyword_magic_personalized_christmas_book_2026-06-30.txt
Keyword Magic Tool,personalized christmas book,baby's first christmas personalized book,n/a,30,n/a,0.00,,"For metrics, refresh",raw/keyword_magic_personalized_christmas_book_2026-06-30.txt
Keyword Magic Tool,personalized christmas book,christmas book personalized,C,30,4,2.63,,1 month,raw/keyword_magic_personalized_christmas_book_2026-06-30.txt
Keyword Magic Tool,personalized christmas book,how my dog saved christmas personalized book,n/a,30,n/a,0.00,,"For metrics, refresh",raw/keyword_magic_personalized_christmas_book_2026-06-30.txt
Keyword Magic Tool,personalized christmas book,personalized baby's first christmas book,n/a,30,n/a,0.00,,"For metrics, refresh",raw/keyword_magic_personalized_christmas_book_2026-06-30.txt
Keyword Magic Tool,personalized christmas book,personalized christmas book for baby,n/a,30,n/a,0.00,,"For metrics, refresh",raw/keyword_magic_personalized_christmas_book_2026-06-30.txt
Keyword Magic Tool,personalized christmas book,personalized christmas book for family,I;C,30,3,2.28,,1 month,raw/keyword_magic_personalized_christmas_book_2026-06-30.txt
Keyword Magic Tool,personalized christmas book,personalized christmas story book,C,30,n/a,2.04,,1 month,raw/keyword_magic_personalized_christmas_book_2026-06-30.txt
Keyword Magic Tool,personalized christmas book,personalized christmas story books,C,30,5,2.04,,1 month,raw/keyword_magic_personalized_christmas_book_2026-06-30.txt
Keyword Magic Tool,personalized christmas book,christmas memories book personalized,n/a,20,n/a,0.00,,"For metrics, refresh",raw/keyword_magic_personalized_christmas_book_2026-06-30.txt
Keyword Magic Tool,personalized christmas book,christmas memory book personalized,n/a,20,n/a,0.00,,"For metrics, refresh",raw/keyword_magic_personalized_christmas_book_2026-06-30.txt
Keyword Magic Tool,personalized christmas book,family christmas book personalized,n/a,20,n/a,0.00,,"For metrics, refresh",raw/keyword_magic_personalized_christmas_book_2026-06-30.txt
Keyword Magic Tool,personalized christmas book,first christmas books personalized,n/a,20,n/a,0.00,,"For metrics, refresh",raw/keyword_magic_personalized_christmas_book_2026-06-30.txt
Keyword Magic Tool,personalized christmas book,first christmas personalized book,n/a,20,n/a,0.00,,"For metrics, refresh",raw/keyword_magic_personalized_christmas_book_2026-06-30.txt
Keyword Magic Tool,personalized christmas book,my special christmas adventure personalized book,n/a,20,n/a,0.00,,"For metrics, refresh",raw/keyword_magic_personalized_christmas_book_2026-06-30.txt
Keyword Magic Tool,personalized christmas book,our family's night before christmas personalized book,n/a,20,n/a,0.00,,"For metrics, refresh",raw/keyword_magic_personalized_christmas_book_2026-06-30.txt
Keyword Magic Tool,personalized christmas book,personalized 1st christmas book,n/a,20,n/a,0.00,,"For metrics, refresh",raw/keyword_magic_personalized_christmas_book_2026-06-30.txt
Keyword Magic Tool,personalized christmas book,personalized book christmas ornament,n/a,20,n/a,0.00,,"For metrics, refresh",raw/keyword_magic_personalized_christmas_book_2026-06-30.txt
Keyword Magic Tool,personalized christmas book,personalized christmas book first christmas,n/a,20,n/a,0.00,,"For metrics, refresh",raw/keyword_magic_personalized_christmas_book_2026-06-30.txt
Keyword Magic Tool,personalized christmas book,personalized christmas book for siblings,n/a,20,n/a,0.00,,"For metrics, refresh",raw/keyword_magic_personalized_christmas_book_2026-06-30.txt
Keyword Magic Tool,personalized christmas book,personalized christmas books for family,n/a,20,n/a,0.00,,"For metrics, refresh",raw/keyword_magic_personalized_christmas_book_2026-06-30.txt
Keyword Magic Tool,personalized christmas book,personalized christmas books target,n/a,20,n/a,0.00,,"For metrics, refresh",raw/keyword_magic_personalized_christmas_book_2026-06-30.txt
Keyword Magic Tool,personalized christmas book,personalized christmas books with multiple names,n/a,20,n/a,0.00,,"For metrics, refresh",raw/keyword_magic_personalized_christmas_book_2026-06-30.txt
Keyword Magic Tool,personalized christmas book,personalized christmas coloring books,n/a,20,n/a,0.00,,"For metrics, refresh",raw/keyword_magic_personalized_christmas_book_2026-06-30.txt
Keyword Magic Tool,personalized christmas book,personalized christmas memories book,n/a,20,n/a,0.00,,"For metrics, refresh",raw/keyword_magic_personalized_christmas_book_2026-06-30.txt
Keyword Magic Tool,personalized christmas book,personalized dog christmas book,n/a,20,n/a,0.00,,"For metrics, refresh",raw/keyword_magic_personalized_christmas_book_2026-06-30.txt
Keyword Magic Tool,personalized christmas book,personalized family night before christmas book,n/a,20,n/a,0.00,,"For metrics, refresh",raw/keyword_magic_personalized_christmas_book_2026-06-30.txt
Keyword Magic Tool,personalized christmas book,personalized night before christmas book target,n/a,20,n/a,0.00,,"For metrics, refresh",raw/keyword_magic_personalized_christmas_book_2026-06-30.txt
Keyword Magic Tool,personalized christmas book,personalized nightmare before christmas book,n/a,20,n/a,0.00,,"For metrics, refresh",raw/keyword_magic_personalized_christmas_book_2026-06-30.txt
Keyword Magic Tool,personalized christmas book,personalized sibling christmas book,n/a,20,n/a,0.00,,"For metrics, refresh",raw/keyword_magic_personalized_christmas_book_2026-06-30.txt
Keyword Magic Tool,personalized christmas book,personalized the night before christmas book,n/a,20,n/a,1.41,,"For metrics, refresh",raw/keyword_magic_personalized_christmas_book_2026-06-30.txt
Keyword Magic Tool,personalized christmas book,personalized twas the night before christmas book,n/a,20,n/a,1.26,,"For metrics, refresh",raw/keyword_magic_personalized_christmas_book_2026-06-30.txt
Keyword Magic Tool,personalized christmas book,the night before christmas personalized book,n/a,20,n/a,0.00,,"For metrics, refresh",raw/keyword_magic_personalized_christmas_book_2026-06-30.txt
Keyword Magic Tool,personalized christmas book,a christmas bear personalized book,n/a,10,n/a,0.00,,"For metrics, refresh",raw/keyword_magic_personalized_christmas_book_2026-06-30.txt
Keyword Magic Tool,personalized christmas book,best personalized christmas books,n/a,10,n/a,0.00,,"For metrics, refresh",raw/keyword_magic_personalized_christmas_book_2026-06-30.txt
Keyword Magic Tool,personalized christmas book,christmas personalized book,n/a,10,n/a,1.41,,"For metrics, refresh",raw/keyword_magic_personalized_christmas_book_2026-06-30.txt
Keyword Magic Tool,personalized christmas book,christmas personalized books for kids,n/a,10,n/a,0.00,,"For metrics, refresh",raw/keyword_magic_personalized_christmas_book_2026-06-30.txt
Keyword Magic Tool,personalized christmas book,dog saves christmas personalized book,n/a,10,n/a,0.00,,"For metrics, refresh",raw/keyword_magic_personalized_christmas_book_2026-06-30.txt
Keyword Magic Tool,personalized christmas book,hallmark personalized christmas books,n/a,10,n/a,0.00,,"For metrics, refresh",raw/keyword_magic_personalized_christmas_book_2026-06-30.txt
Keyword Magic Tool,personalized christmas book,kids personalized christmas book,n/a,10,n/a,0.00,,"For metrics, refresh",raw/keyword_magic_personalized_christmas_book_2026-06-30.txt
Keyword Magic Tool,personalized christmas book,merry christmas personalized book,n/a,10,n/a,0.00,,"For metrics, refresh",raw/keyword_magic_personalized_christmas_book_2026-06-30.txt
Keyword Magic Tool,personalized christmas book,my christmas wish personalized book,n/a,10,n/a,0.00,,"For metrics, refresh",raw/keyword_magic_personalized_christmas_book_2026-06-30.txt
Keyword Magic Tool,personalized christmas book,my night before christmas personalized book,n/a,10,n/a,0.00,,"For metrics, refresh",raw/keyword_magic_personalized_christmas_book_2026-06-30.txt
Keyword Magic Tool,personalized christmas book,nightmare before christmas personalized book,n/a,10,n/a,0.00,,"For metrics, refresh",raw/keyword_magic_personalized_christmas_book_2026-06-30.txt
Keyword Magic Tool,personalized christmas book,personal christmas books,n/a,10,n/a,0.00,,"For metrics, refresh",raw/keyword_magic_personalized_christmas_book_2026-06-30.txt
Keyword Magic Tool,personalized christmas book,personalized baby christmas book,n/a,10,n/a,0.00,,"For metrics, refresh",raw/keyword_magic_personalized_christmas_book_2026-06-30.txt
Keyword Magic Tool,personalized christmas book,personalized baby first christmas book,n/a,10,n/a,0.00,,"For metrics, refresh",raw/keyword_magic_personalized_christmas_book_2026-06-30.txt
Keyword Magic Tool,personalized christmas book,personalized books christmas,n/a,10,n/a,1.41,,"For metrics, refresh",raw/keyword_magic_personalized_christmas_book_2026-06-30.txt
Keyword Magic Tool,personalized christmas book,personalized books for christmas,n/a,10,n/a,1.41,,"For metrics, refresh",raw/keyword_magic_personalized_christmas_book_2026-06-30.txt
Keyword Magic Tool,personalized christmas book,personalized books for kids christmas,n/a,10,n/a,0.00,,"For metrics, refresh",raw/keyword_magic_personalized_christmas_book_2026-06-30.txt
Keyword Magic Tool,personalized christmas book,personalized children's christmas book,n/a,10,n/a,0.00,,"For metrics, refresh",raw/keyword_magic_personalized_christmas_book_2026-06-30.txt
Keyword Magic Tool,personalized christmas book,personalized christmas board books,n/a,10,n/a,0.00,,"For metrics, refresh",raw/keyword_magic_personalized_christmas_book_2026-06-30.txt
Keyword Magic Tool,personalized christmas book,personalized christmas book for dad,n/a,10,n/a,0.00,,"For metrics, refresh",raw/keyword_magic_personalized_christmas_book_2026-06-30.txt
Keyword Magic Tool,personalized christmas book,personalized christmas book for grandparents,n/a,10,n/a,0.00,,"For metrics, refresh",raw/keyword_magic_personalized_christmas_book_2026-06-30.txt
Keyword Magic Tool,personalized christmas book,personalized christmas book with name,n/a,10,n/a,0.00,,"For metrics, refresh",raw/keyword_magic_personalized_christmas_book_2026-06-30.txt
Keyword Magic Tool,personalized christmas book,personalized christmas books for 3 siblings,n/a,10,n/a,0.00,,"For metrics, refresh",raw/keyword_magic_personalized_christmas_book_2026-06-30.txt
Keyword Magic Tool,personalized christmas book,personalized christmas books for adults,n/a,10,n/a,1.41,,"For metrics, refresh",raw/keyword_magic_personalized_christmas_book_2026-06-30.txt
Keyword Magic Tool,personalized christmas book,personalized christmas books for kids with names,n/a,10,n/a,0.00,,"For metrics, refresh",raw/keyword_magic_personalized_christmas_book_2026-06-30.txt
Keyword Magic Tool,personalized christmas book,personalized christmas books for toddlers,n/a,10,n/a,0.00,,"For metrics, refresh",raw/keyword_magic_personalized_christmas_book_2026-06-30.txt
Keyword Magic Tool,personalized christmas book,personalized christmas coloring book,n/a,10,n/a,0.00,,"For metrics, refresh",raw/keyword_magic_personalized_christmas_book_2026-06-30.txt
Keyword Magic Tool,personalized christmas book,personalized christmas dog book,n/a,10,n/a,0.00,,"For metrics, refresh",raw/keyword_magic_personalized_christmas_book_2026-06-30.txt
Keyword Magic Tool,personalized christmas book,personalized christmas memory book,n/a,10,n/a,0.00,,"For metrics, refresh",raw/keyword_magic_personalized_christmas_book_2026-06-30.txt
Keyword Magic Tool,personalized christmas book,personalized christmas story books for kids,n/a,10,n/a,0.00,,"For metrics, refresh",raw/keyword_magic_personalized_christmas_book_2026-06-30.txt
Keyword Magic Tool,personalized christmas book,personalized dog book christmas,n/a,10,n/a,0.00,,"For metrics, refresh",raw/keyword_magic_personalized_christmas_book_2026-06-30.txt
Keyword Magic Tool,personalized christmas book,personalized dog saves christmas book,n/a,10,n/a,0.00,,"For metrics, refresh",raw/keyword_magic_personalized_christmas_book_2026-06-30.txt
Keyword Magic Tool,personalized christmas book,personalized family christmas books,n/a,10,n/a,0.00,,"For metrics, refresh",raw/keyword_magic_personalized_christmas_book_2026-06-30.txt
Keyword Magic Tool,personalized christmas book,personalized first christmas books,n/a,10,n/a,0.00,,"For metrics, refresh",raw/keyword_magic_personalized_christmas_book_2026-06-30.txt
Keyword Magic Tool,personalized christmas book,personalized kids christmas book,n/a,10,n/a,0.00,,"For metrics, refresh",raw/keyword_magic_personalized_christmas_book_2026-06-30.txt
Keyword Magic Tool,personalized christmas book,personalized name christmas books,n/a,10,n/a,0.00,,"For metrics, refresh",raw/keyword_magic_personalized_christmas_book_2026-06-30.txt
Keyword Magic Tool,personalized christmas book,personalized night before christmas books,n/a,10,n/a,0.00,,"For metrics, refresh",raw/keyword_magic_personalized_christmas_book_2026-06-30.txt
Keyword Magic Tool,personalized christmas book,personalized paw patrol christmas book,n/a,10,n/a,0.00,,"For metrics, refresh",raw/keyword_magic_personalized_christmas_book_2026-06-30.txt
Keyword Magic Tool,personalized christmas book,sibling personalized christmas book,n/a,10,n/a,0.00,,"For metrics, refresh",raw/keyword_magic_personalized_christmas_book_2026-06-30.txt
Keyword Magic Tool,personalized christmas book,target personalized christmas book,n/a,10,n/a,1.41,,"For metrics, refresh",raw/keyword_magic_personalized_christmas_book_2026-06-30.txt
Keyword Magic Tool,personalized christmas book,twas the night before christmas book personalized,n/a,10,n/a,0.00,,"For metrics, refresh",raw/keyword_magic_personalized_christmas_book_2026-06-30.txt
Keyword Magic Tool,personalized christmas book,12 days of christmas personalized book,n/a,0,n/a,0.00,,"For metrics, refresh",raw/keyword_magic_personalized_christmas_book_2026-06-30.txt
Keyword Magic Tool,personalized christmas book,a christmas bear for me personalized book,n/a,0,n/a,0.00,,"For metrics, refresh",raw/keyword_magic_personalized_christmas_book_2026-06-30.txt
Keyword Magic Tool,personalized christmas book,a christmas carol book mrs fezziwig personality,n/a,0,n/a,0.00,,"For metrics, refresh",raw/keyword_magic_personalized_christmas_book_2026-06-30.txt
Keyword Magic Tool,personalized christmas book,a christmas dream personalized book 2019,n/a,0,n/a,0.00,,"For metrics, refresh",raw/keyword_magic_personalized_christmas_book_2026-06-30.txt
Keyword Magic Tool,personalized coloring books,personalized coloring books,C,"1,900",17,0.85,,3 weeks,raw/keyword_magic_personalized_coloring_books_2026-06-30.txt
Keyword Magic Tool,personalized coloring books,personalized coloring book,C,"1,000",15,0.74,,1 month,raw/keyword_magic_personalized_coloring_books_2026-06-30.txt
Keyword Magic Tool,personalized coloring books,personal color book,I;C,720,27,0.60,,1 month,raw/keyword_magic_personalized_coloring_books_2026-06-30.txt
Keyword Magic Tool,personalized coloring books,personalized color books,C,210,13,0.85,,3 weeks,raw/keyword_magic_personalized_coloring_books_2026-06-30.txt
Keyword Magic Tool,personalized coloring books,coloring book personalized,C,170,16,0.85,,3 weeks,raw/keyword_magic_personalized_coloring_books_2026-06-30.txt
Keyword Magic Tool,personalized coloring books,personalized coloring books for kids,C,140,16,0.00,,1 month,raw/keyword_magic_personalized_coloring_books_2026-06-30.txt
Keyword Magic Tool,personalized coloring books,personalized coloring books for adults,C,110,14,0.74,,1 month,raw/keyword_magic_personalized_coloring_books_2026-06-30.txt
Keyword Magic Tool,personalized coloring books,personality colors book,I;C,90,20,0.00,,4 weeks,raw/keyword_magic_personalized_coloring_books_2026-06-30.txt
Keyword Magic Tool,personalized coloring books,personal coloring book,C,50,6,0.60,,1 month,raw/keyword_magic_personalized_coloring_books_2026-06-30.txt
Keyword Magic Tool,personalized coloring books,personalized coloring books with photos,C,50,14,0.69,,4 weeks,raw/keyword_magic_personalized_coloring_books_2026-06-30.txt
Keyword Magic Tool,personalized coloring books,personalized adult coloring book,C,40,12,0.74,,1 month,raw/keyword_magic_personalized_coloring_books_2026-06-30.txt
Keyword Magic Tool,personalized coloring books,personalized adult coloring books,C,40,13,0.77,,3 weeks,raw/keyword_magic_personalized_coloring_books_2026-06-30.txt
Keyword Magic Tool,personalized coloring books,color personality book,n/a,30,n/a,0.00,,"For metrics, refresh",raw/keyword_magic_personalized_coloring_books_2026-06-30.txt
Keyword Magic Tool,personalized coloring books,4 color personality book,n/a,20,n/a,0.00,,"For metrics, refresh",raw/keyword_magic_personalized_coloring_books_2026-06-30.txt
Keyword Magic Tool,personalized coloring books,a book by a person of color,n/a,20,n/a,0.00,,"For metrics, refresh",raw/keyword_magic_personalized_coloring_books_2026-06-30.txt
Keyword Magic Tool,personalized coloring books,book about personality colors,n/a,20,n/a,0.00,,"For metrics, refresh",raw/keyword_magic_personalized_coloring_books_2026-06-30.txt
Keyword Magic Tool,personalized coloring books,book by a person of color,n/a,20,n/a,0.00,,"For metrics, refresh",raw/keyword_magic_personalized_coloring_books_2026-06-30.txt
Keyword Magic Tool,personalized coloring books,books by a person of color,n/a,20,n/a,0.00,,"For metrics, refresh",raw/keyword_magic_personalized_coloring_books_2026-06-30.txt
Keyword Magic Tool,personalized coloring books,books written by a person of color,n/a,20,n/a,0.00,,"For metrics, refresh",raw/keyword_magic_personalized_coloring_books_2026-06-30.txt
Keyword Magic Tool,personalized coloring books,color code personality book,n/a,20,n/a,0.00,,"For metrics, refresh",raw/keyword_magic_personalized_coloring_books_2026-06-30.txt
Keyword Magic Tool,personalized coloring books,color personality test book,n/a,20,n/a,0.00,,"For metrics, refresh",raw/keyword_magic_personalized_coloring_books_2026-06-30.txt
Keyword Magic Tool,personalized coloring books,color personality types book,n/a,20,n/a,0.00,,"For metrics, refresh",raw/keyword_magic_personalized_coloring_books_2026-06-30.txt
Keyword Magic Tool,personalized coloring books,coloring book person,n/a,20,n/a,0.00,,"For metrics, refresh",raw/keyword_magic_personalized_coloring_books_2026-06-30.txt
Keyword Magic Tool,personalized coloring books,four color personality book,n/a,20,n/a,0.00,,"For metrics, refresh",raw/keyword_magic_personalized_coloring_books_2026-06-30.txt
Keyword Magic Tool,personalized coloring books,free personalized coloring book,n/a,20,n/a,0.47,,"For metrics, refresh",raw/keyword_magic_personalized_coloring_books_2026-06-30.txt
Keyword Magic Tool,personalized coloring books,how to make personalized coloring books,n/a,20,n/a,0.68,,"For metrics, refresh",raw/keyword_magic_personalized_coloring_books_2026-06-30.txt
Keyword Magic Tool,personalized coloring books,person coloring book,n/a,20,n/a,0.00,,"For metrics, refresh",raw/keyword_magic_personalized_coloring_books_2026-06-30.txt
Keyword Magic Tool,personalized coloring books,person dirty coloring book,n/a,20,n/a,0.00,,"For metrics, refresh",raw/keyword_magic_personalized_coloring_books_2026-06-30.txt
Keyword Magic Tool,personalized coloring books,persona 5 coloring book,n/a,20,n/a,0.00,,"For metrics, refresh",raw/keyword_magic_personalized_coloring_books_2026-06-30.txt
Keyword Magic Tool,personalized coloring books,personal color analysis book,n/a,20,n/a,0.00,,"For metrics, refresh",raw/keyword_magic_personalized_coloring_books_2026-06-30.txt
Keyword Magic Tool,personalized coloring books,personalized birthday coloring books,n/a,20,n/a,0.00,,"For metrics, refresh",raw/keyword_magic_personalized_coloring_books_2026-06-30.txt
Keyword Magic Tool,personalized coloring books,personalized christmas coloring books,n/a,20,n/a,0.00,,"For metrics, refresh",raw/keyword_magic_personalized_coloring_books_2026-06-30.txt
Keyword Magic Tool,personalized coloring books,personalized coloring book caddy,n/a,20,n/a,0.00,,"For metrics, refresh",raw/keyword_magic_personalized_coloring_books_2026-06-30.txt
Keyword Magic Tool,personalized coloring books,personalized coloring books for party favors,n/a,20,n/a,0.00,,"For metrics, refresh",raw/keyword_magic_personalized_coloring_books_2026-06-30.txt
Keyword Magic Tool,personalized coloring books,personalized coloring books free,n/a,20,n/a,0.00,,"For metrics, refresh",raw/keyword_magic_personalized_coloring_books_2026-06-30.txt
Keyword Magic Tool,personalized coloring books,personalized coloring books party favors,n/a,20,n/a,0.00,,"For metrics, refresh",raw/keyword_magic_personalized_coloring_books_2026-06-30.txt
Keyword Magic Tool,personalized coloring books,personalized coloring books with names,n/a,20,n/a,0.00,,"For metrics, refresh",raw/keyword_magic_personalized_coloring_books_2026-06-30.txt
Keyword Magic Tool,personalized coloring books,personalized name coloring books,n/a,20,n/a,0.00,,"For metrics, refresh",raw/keyword_magic_personalized_coloring_books_2026-06-30.txt
Keyword Magic Tool,personalized coloring books,personalized princess coloring book,n/a,20,n/a,0.00,,"For metrics, refresh",raw/keyword_magic_personalized_coloring_books_2026-06-30.txt
Keyword Magic Tool,personalized coloring books,personalized wedding coloring book,n/a,20,n/a,0.58,,"For metrics, refresh",raw/keyword_magic_personalized_coloring_books_2026-06-30.txt
Keyword Magic Tool,personalized coloring books,true colors book personality,n/a,20,n/a,0.00,,"For metrics, refresh",raw/keyword_magic_personalized_coloring_books_2026-06-30.txt
Keyword Magic Tool,personalized coloring books,true colors personality book,n/a,20,n/a,0.00,,"For metrics, refresh",raw/keyword_magic_personalized_coloring_books_2026-06-30.txt
Keyword Magic Tool,personalized coloring books,true colors personality test book,n/a,20,n/a,0.00,,"For metrics, refresh",raw/keyword_magic_personalized_coloring_books_2026-06-30.txt
Keyword Magic Tool,personalized coloring books,wedding coloring books personalized,n/a,20,n/a,0.58,,"For metrics, refresh",raw/keyword_magic_personalized_coloring_books_2026-06-30.txt
Keyword Magic Tool,personalized coloring books,what color is your personality book,n/a,20,n/a,0.00,,"For metrics, refresh",raw/keyword_magic_personalized_coloring_books_2026-06-30.txt
Keyword Magic Tool,personalized coloring books,author phd business fiber art personal reflections grayscale coloring books,n/a,10,n/a,0.00,,"For metrics, refresh",raw/keyword_magic_personalized_coloring_books_2026-06-30.txt
Keyword Magic Tool,personalized coloring books,author phd business quilting personal reflections grayscale coloring books,n/a,10,n/a,0.00,,"For metrics, refresh",raw/keyword_magic_personalized_coloring_books_2026-06-30.txt
Keyword Magic Tool,personalized coloring books,free personalized coloring books,n/a,10,n/a,1.13,,"For metrics, refresh",raw/keyword_magic_personalized_coloring_books_2026-06-30.txt
Keyword Magic Tool,personalized coloring books,hooray heroes personalized coloring book,n/a,10,n/a,0.00,,"For metrics, refresh",raw/keyword_magic_personalized_coloring_books_2026-06-30.txt
Keyword Magic Tool,personalized coloring books,personal service coloring books,n/a,10,n/a,0.00,,"For metrics, refresh",raw/keyword_magic_personalized_coloring_books_2026-06-30.txt
Keyword Magic Tool,personalized coloring books,personality color book,n/a,10,n/a,0.00,,"For metrics, refresh",raw/keyword_magic_personalized_coloring_books_2026-06-30.txt
Keyword Magic Tool,personalized coloring books,personalized adult coloring book art kits,n/a,10,n/a,0.00,,"For metrics, refresh",raw/keyword_magic_personalized_coloring_books_2026-06-30.txt
Keyword Magic Tool,personalized coloring books,personalized big sister coloring book,n/a,10,n/a,0.00,,"For metrics, refresh",raw/keyword_magic_personalized_coloring_books_2026-06-30.txt
Keyword Magic Tool,personalized coloring books,personalized christmas coloring book,n/a,10,n/a,0.00,,"For metrics, refresh",raw/keyword_magic_personalized_coloring_books_2026-06-30.txt
Keyword Magic Tool,personalized coloring books,personalized coloring books and crayons,n/a,10,n/a,0.00,,"For metrics, refresh",raw/keyword_magic_personalized_coloring_books_2026-06-30.txt
Keyword Magic Tool,personalized coloring books,personalized coloring books for wedding,n/a,10,n/a,0.00,,"For metrics, refresh",raw/keyword_magic_personalized_coloring_books_2026-06-30.txt
Keyword Magic Tool,personalized coloring books,personalized coloring journal books,n/a,10,n/a,0.00,,"For metrics, refresh",raw/keyword_magic_personalized_coloring_books_2026-06-30.txt
Keyword Magic Tool,personalized coloring books,personalized easter coloring books,n/a,10,n/a,0.70,,"For metrics, refresh",raw/keyword_magic_personalized_coloring_books_2026-06-30.txt
Keyword Magic Tool,personalized coloring books,personalized photo coloring books,n/a,10,n/a,0.69,,"For metrics, refresh",raw/keyword_magic_personalized_coloring_books_2026-06-30.txt
Keyword Magic Tool,personalized coloring books,3 wishes personalized coloring book,n/a,0,n/a,0.00,,"For metrics, refresh",raw/keyword_magic_personalized_coloring_books_2026-06-30.txt
Keyword Magic Tool,personalized coloring books,4 colors personality book,n/a,0,n/a,0.00,,"For metrics, refresh",raw/keyword_magic_personalized_coloring_books_2026-06-30.txt
Keyword Magic Tool,personalized coloring books,a book written by a person of color,n/a,0,n/a,0.00,,"For metrics, refresh",raw/keyword_magic_personalized_coloring_books_2026-06-30.txt
Keyword Magic Tool,personalized coloring books,a debut book by a person of color,n/a,0,n/a,0.00,,"For metrics, refresh",raw/keyword_magic_personalized_coloring_books_2026-06-30.txt
Keyword Magic Tool,personalized coloring books,adult coloring book person,n/a,0,n/a,0.00,,"For metrics, refresh",raw/keyword_magic_personalized_coloring_books_2026-06-30.txt
Keyword Magic Tool,personalized coloring books,adult personalized coloring book,n/a,0,n/a,0.00,,"For metrics, refresh",raw/keyword_magic_personalized_coloring_books_2026-06-30.txt
Keyword Magic Tool,personalized coloring books,adult personalized pictures coloring book,n/a,0,n/a,0.00,,"For metrics, refresh",raw/keyword_magic_personalized_coloring_books_2026-06-30.txt
Keyword Magic Tool,personalized coloring books,advanced coloring book of person,n/a,0,n/a,0.00,,"For metrics, refresh",raw/keyword_magic_personalized_coloring_books_2026-06-30.txt
Keyword Magic Tool,personalized coloring books,afro technic poetics book person of color,n/a,0,n/a,0.00,,"For metrics, refresh",raw/keyword_magic_personalized_coloring_books_2026-06-30.txt
Keyword Magic Tool,personalized coloring books,alan weiss phd fiber art personal reflections grayscale coloring books,n/a,0,n/a,0.00,,"For metrics, refresh",raw/keyword_magic_personalized_coloring_books_2026-06-30.txt
Keyword Magic Tool,personalized coloring books,are liberals red personalities from the color code book,n/a,0,n/a,0.00,,"For metrics, refresh",raw/keyword_magic_personalized_coloring_books_2026-06-30.txt
Keyword Magic Tool,personalized coloring books,aura color personality traits book,n/a,0,n/a,0.00,,"For metrics, refresh",raw/keyword_magic_personalized_coloring_books_2026-06-30.txt
Keyword Magic Tool,personalized coloring books,aura colore personality traits book,n/a,0,n/a,0.00,,"For metrics, refresh",raw/keyword_magic_personalized_coloring_books_2026-06-30.txt
Keyword Magic Tool,personalized coloring books,author book personal reflections fiber art grayscale photo coloring books,n/a,0,n/a,0.00,,"For metrics, refresh",raw/keyword_magic_personalized_coloring_books_2026-06-30.txt
Keyword Magic Tool,personalized coloring books,author grayscale photo coloring books fiber art personal reflections,n/a,0,n/a,0.00,,"For metrics, refresh",raw/keyword_magic_personalized_coloring_books_2026-06-30.txt
Keyword Magic Tool,personalized coloring books,author personal reflections fiber art grayscale coloring books,n/a,0,n/a,0.00,,"For metrics, refresh",raw/keyword_magic_personalized_coloring_books_2026-06-30.txt
Keyword Magic Tool,personalized coloring books,author personal reflections fiber art grayscale photo coloring books,n/a,0,n/a,0.00,,"For metrics, refresh",raw/keyword_magic_personalized_coloring_books_2026-06-30.txt
Keyword Magic Tool,personalized coloring books,author phd business knitting personal reflections coloring books,n/a,0,n/a,0.00,,"For metrics, refresh",raw/keyword_magic_personalized_coloring_books_2026-06-30.txt
Keyword Magic Tool,personalized coloring books,author phd business knitting personal reflections grayscale coloring books,n/a,0,n/a,0.00,,"For metrics, refresh",raw/keyword_magic_personalized_coloring_books_2026-06-30.txt
Keyword Magic Tool,personalized coloring books,author phd business personal reflections fiber art coloring books,n/a,0,n/a,0.00,,"For metrics, refresh",raw/keyword_magic_personalized_coloring_books_2026-06-30.txt
Keyword Magic Tool,personalized coloring books,author phd business personal reflections fiber art grayscale coloring books,n/a,0,n/a,0.00,,"For metrics, refresh",raw/keyword_magic_personalized_coloring_books_2026-06-30.txt
Keyword Magic Tool,personalized coloring books,author phd business quilting book personal reflections grayscale coloring books,n/a,0,n/a,0.00,,"For metrics, refresh",raw/keyword_magic_personalized_coloring_books_2026-06-30.txt
Keyword Magic Tool,personalized coloring books,author phd business quilting personal reflections coloring books,n/a,0,n/a,0.00,,"For metrics, refresh",raw/keyword_magic_personalized_coloring_books_2026-06-30.txt
Keyword Magic Tool,personalized coloring books,best personalized coloring books,n/a,0,n/a,0.00,,"For metrics, refresh",raw/keyword_magic_personalized_coloring_books_2026-06-30.txt
Keyword Magic Tool,personalized coloring books,book about a person's skin color changing,n/a,0,n/a,0.00,,"For metrics, refresh",raw/keyword_magic_personalized_coloring_books_2026-06-30.txt
Keyword Magic Tool,personalized coloring books,book about color personality,n/a,0,n/a,0.00,,"For metrics, refresh",raw/keyword_magic_personalized_coloring_books_2026-06-30.txt
Keyword Magic Tool,personalized coloring books,book about personality colors and how to motivate,n/a,0,n/a,0.00,,"For metrics, refresh",raw/keyword_magic_personalized_coloring_books_2026-06-30.txt
Keyword Magic Tool,personalized coloring books,book about personality types color code,n/a,0,n/a,0.00,,"For metrics, refresh",raw/keyword_magic_personalized_coloring_books_2026-06-30.txt
Keyword Magic Tool,personalized coloring books,book by person of color,n/a,0,n/a,0.00,,"For metrics, refresh",raw/keyword_magic_personalized_coloring_books_2026-06-30.txt
Keyword Magic Tool,personalized coloring books,book featuring a person of color,n/a,0,n/a,0.00,,"For metrics, refresh",raw/keyword_magic_personalized_coloring_books_2026-06-30.txt
Keyword Magic Tool,personalized coloring books,book on color personalities,n/a,0,n/a,0.00,,"For metrics, refresh",raw/keyword_magic_personalized_coloring_books_2026-06-30.txt
Keyword Magic Tool,personalized coloring books,book on color personalitys,n/a,0,n/a,0.00,,"For metrics, refresh",raw/keyword_magic_personalized_coloring_books_2026-06-30.txt
Keyword Magic Tool,personalized coloring books,book on personality colors,n/a,0,n/a,0.00,,"For metrics, refresh",raw/keyword_magic_personalized_coloring_books_2026-06-30.txt
Keyword Magic Tool,personalized coloring books,book riot romance person of color,n/a,0,n/a,0.00,,"For metrics, refresh",raw/keyword_magic_personalized_coloring_books_2026-06-30.txt
Keyword Magic Tool,personalized coloring books,book the color personality test by dr,n/a,0,n/a,0.00,,"For metrics, refresh",raw/keyword_magic_personalized_coloring_books_2026-06-30.txt
Keyword Magic Tool,personalized coloring books,book the color personality test by dr shouls,n/a,0,n/a,0.00,,"For metrics, refresh",raw/keyword_magic_personalized_coloring_books_2026-06-30.txt
Keyword Magic Tool,personalized coloring books,book where one person sees in colors,n/a,0,n/a,0.00,,"For metrics, refresh",raw/keyword_magic_personalized_coloring_books_2026-06-30.txt
Keyword Magic Tool,personalized coloring books,book with the true colors personality test in it,n/a,0,n/a,0.00,,"For metrics, refresh",raw/keyword_magic_personalized_coloring_books_2026-06-30.txt
Keyword Magic Tool,personalized coloring books,books about what color says about personality,n/a,0,n/a,0.00,,"For metrics, refresh",raw/keyword_magic_personalized_coloring_books_2026-06-30.txt
Keyword Magic Tool,personalized coloring books,books on personality colors,n/a,0,n/a,0.00,,"For metrics, refresh",raw/keyword_magic_personalized_coloring_books_2026-06-30.txt
Keyword Magic Tool,personalized coloring books,books to read instead of asking person of color,n/a,0,n/a,0.00,,"For metrics, refresh",raw/keyword_magic_personalized_coloring_books_2026-06-30.txt
Keyword Magic Tool,personalized picture book,personalized picture book,C,720,66,4.52,,1 month,raw/keyword_magic_personalized_picture_book_2026-06-30.txt
Keyword Magic Tool,personalized picture book,personalized children's books with their name and picture,C,590,40,0.00,,1 month,raw/keyword_magic_personalized_picture_book_2026-06-30.txt
Keyword Magic Tool,personalized picture book,personalized book with pictures,C,390,61,2.58,,3 weeks,raw/keyword_magic_personalized_picture_book_2026-06-30.txt
Keyword Magic Tool,personalized picture book,personal picture books,C,260,61,4.05,,1 month,raw/keyword_magic_personalized_picture_book_2026-06-30.txt
Keyword Magic Tool,personalized picture book,personalized picture books,C,260,62,4.52,,1 month,raw/keyword_magic_personalized_picture_book_2026-06-30.txt
Keyword Magic Tool,personalized picture book,personalized picture story books,C,210,57,1.38,,1 month,raw/keyword_magic_personalized_picture_book_2026-06-30.txt
Keyword Magic Tool,personalized picture book,a picture of a person reading a book,I,70,19,0.00,,1 month,raw/keyword_magic_personalized_picture_book_2026-06-30.txt
Keyword Magic Tool,personalized picture book,personal narrative picture books,C,70,14,0.00,,1 month,raw/keyword_magic_personalized_picture_book_2026-06-30.txt
Keyword Magic Tool,personalized picture book,personalized books for kids with their picture,C,70,54,0.00,,1 month,raw/keyword_magic_personalized_picture_book_2026-06-30.txt
Keyword Magic Tool,personalized picture book,personalized book with child's picture,C,50,55,0.00,,1 month,raw/keyword_magic_personalized_picture_book_2026-06-30.txt
Keyword Magic Tool,personalized picture book,personalized wedding guest book with pictures,C,50,27,4.22,,1 month,raw/keyword_magic_personalized_picture_book_2026-06-30.txt
Keyword Magic Tool,personalized picture book,best personalized books for kids with pictures,C,40,56,0.00,,1 month,raw/keyword_magic_personalized_picture_book_2026-06-30.txt
Keyword Magic Tool,personalized picture book,children's personalized books with their pictures,C,40,52,0.00,,1 month,raw/keyword_magic_personalized_picture_book_2026-06-30.txt
Keyword Magic Tool,personalized picture book,personalized book with kids picture,C,40,52,0.00,,1 month,raw/keyword_magic_personalized_picture_book_2026-06-30.txt
Keyword Magic Tool,personalized picture book,personalized books for children with pictures,C,40,53,0.00,,1 month,raw/keyword_magic_personalized_picture_book_2026-06-30.txt
Keyword Magic Tool,personalized picture book,personalized books with kids pictures,C,40,38,0.00,,1 month,raw/keyword_magic_personalized_picture_book_2026-06-30.txt
Keyword Magic Tool,personalized picture book,personalized kids books with their picture,n/a,40,n/a,0.00,,"For metrics, refresh",raw/keyword_magic_personalized_picture_book_2026-06-30.txt
Keyword Magic Tool,personalized picture book,personalized books for toddlers with picture,n/a,30,n/a,0.00,,"For metrics, refresh",raw/keyword_magic_personalized_picture_book_2026-06-30.txt
Keyword Magic Tool,personalized picture book,personalized books with pictures,n/a,30,n/a,2.58,,"For metrics, refresh",raw/keyword_magic_personalized_picture_book_2026-06-30.txt
Keyword Magic Tool,personalized picture book,personalized children's book with their picture,n/a,30,n/a,0.00,,"For metrics, refresh",raw/keyword_magic_personalized_picture_book_2026-06-30.txt
Keyword Magic Tool,personalized picture book,personalized story books with pictures,C,30,38,1.38,,1 month,raw/keyword_magic_personalized_picture_book_2026-06-30.txt
Keyword Magic Tool,personalized picture book,best personal narrative picture books,n/a,20,n/a,0.00,,"For metrics, refresh",raw/keyword_magic_personalized_picture_book_2026-06-30.txt
Keyword Magic Tool,personalized picture book,first person narrative picture books,n/a,20,n/a,0.00,,"For metrics, refresh",raw/keyword_magic_personalized_picture_book_2026-06-30.txt
Keyword Magic Tool,personalized picture book,first person picture books,n/a,20,n/a,0.00,,"For metrics, refresh",raw/keyword_magic_personalized_picture_book_2026-06-30.txt
Keyword Magic Tool,personalized picture book,first person point of view picture books,n/a,20,n/a,0.00,,"For metrics, refresh",raw/keyword_magic_personalized_picture_book_2026-06-30.txt
Keyword Magic Tool,personalized picture book,person who draws pictures for books,n/a,20,n/a,0.00,,"For metrics, refresh",raw/keyword_magic_personalized_picture_book_2026-06-30.txt
Keyword Magic Tool,personalized picture book,person who draws pictures in a book,n/a,20,n/a,0.00,,"For metrics, refresh",raw/keyword_magic_personalized_picture_book_2026-06-30.txt
Keyword Magic Tool,personalized picture book,persona 5 official setting picture guide book,n/a,20,n/a,0.00,,"For metrics, refresh",raw/keyword_magic_personalized_picture_book_2026-06-30.txt
Keyword Magic Tool,personalized picture book,personalized board book with family pictures,n/a,20,n/a,1.41,,"For metrics, refresh",raw/keyword_magic_personalized_picture_book_2026-06-30.txt
Keyword Magic Tool,personalized picture book,personalized children's books with pictures,n/a,20,n/a,0.00,,"For metrics, refresh",raw/keyword_magic_personalized_picture_book_2026-06-30.txt
Keyword Magic Tool,personalized picture book,personalized hidden picture book,n/a,20,n/a,0.00,,"For metrics, refresh",raw/keyword_magic_personalized_picture_book_2026-06-30.txt
Keyword Magic Tool,personalized picture book,personalized picture board books,n/a,20,n/a,1.38,,"For metrics, refresh",raw/keyword_magic_personalized_picture_book_2026-06-30.txt
Keyword Magic Tool,personalized picture book,personalized picture book for dad,n/a,20,n/a,0.00,,"For metrics, refresh",raw/keyword_magic_personalized_picture_book_2026-06-30.txt
Keyword Magic Tool,personalized picture book,personalized picture books for adults,n/a,20,n/a,2.90,,"For metrics, refresh",raw/keyword_magic_personalized_picture_book_2026-06-30.txt
Keyword Magic Tool,personalized picture book,personalized picture books for kids,n/a,20,n/a,0.00,,"For metrics, refresh",raw/keyword_magic_personalized_picture_book_2026-06-30.txt
Keyword Magic Tool,personalized picture book,personalized story book with pictures,n/a,20,n/a,0.00,,"For metrics, refresh",raw/keyword_magic_personalized_picture_book_2026-06-30.txt
Keyword Magic Tool,personalized picture book,personalized story books for kids with pictures,n/a,20,n/a,0.00,,"For metrics, refresh",raw/keyword_magic_personalized_picture_book_2026-06-30.txt
Keyword Magic Tool,personalized picture book,picture book personalized,n/a,20,n/a,3.69,,"For metrics, refresh",raw/keyword_magic_personalized_picture_book_2026-06-30.txt
Keyword Magic Tool,personalized picture book,picture books about personal space,n/a,20,n/a,0.00,,"For metrics, refresh",raw/keyword_magic_personalized_picture_book_2026-06-30.txt
Keyword Magic Tool,personalized picture book,picture books to teach personal narrative,n/a,20,n/a,0.00,,"For metrics, refresh",raw/keyword_magic_personalized_picture_book_2026-06-30.txt
Keyword Magic Tool,personalized picture book,picture books written in first person,n/a,20,n/a,0.00,,"For metrics, refresh",raw/keyword_magic_personalized_picture_book_2026-06-30.txt
Keyword Magic Tool,personalized picture book,picture books written in third person,n/a,20,n/a,0.00,,"For metrics, refresh",raw/keyword_magic_personalized_picture_book_2026-06-30.txt
Keyword Magic Tool,personalized picture book,picture of a person reading a book,n/a,20,n/a,0.00,,"For metrics, refresh",raw/keyword_magic_personalized_picture_book_2026-06-30.txt
Keyword Magic Tool,personalized picture book,picture of person reading a book,n/a,20,n/a,0.00,,"For metrics, refresh",raw/keyword_magic_personalized_picture_book_2026-06-30.txt
Keyword Magic Tool,personalized picture book,best personalized children's books with pictures,n/a,10,n/a,0.59,,"For metrics, refresh",raw/keyword_magic_personalized_picture_book_2026-06-30.txt
Keyword Magic Tool,personalized picture book,best personalized children's books with their name and picture,n/a,10,n/a,0.00,,"For metrics, refresh",raw/keyword_magic_personalized_picture_book_2026-06-30.txt
Keyword Magic Tool,personalized picture book,list of personal narrative picture books,n/a,10,n/a,0.00,,"For metrics, refresh",raw/keyword_magic_personalized_picture_book_2026-06-30.txt
Keyword Magic Tool,personalized picture book,personal narrative picture book,n/a,10,n/a,0.00,,"For metrics, refresh",raw/keyword_magic_personalized_picture_book_2026-06-30.txt
Keyword Magic Tool,personalized picture book,personalized baby books with pictures,n/a,10,n/a,0.00,,"For metrics, refresh",raw/keyword_magic_personalized_picture_book_2026-06-30.txt
Keyword Magic Tool,personalized picture book,personalized book for kids with their picture,n/a,10,n/a,0.00,,"For metrics, refresh",raw/keyword_magic_personalized_picture_book_2026-06-30.txt
Keyword Magic Tool,personalized picture book,personalized books with child's picture,n/a,10,n/a,0.00,,"For metrics, refresh",raw/keyword_magic_personalized_picture_book_2026-06-30.txt
Keyword Magic Tool,personalized picture book,personalized father's day book with pictures,n/a,10,n/a,0.00,,"For metrics, refresh",raw/keyword_magic_personalized_picture_book_2026-06-30.txt
Keyword Magic Tool,personalized picture book,personalized kids book with their picture,n/a,10,n/a,0.00,,"For metrics, refresh",raw/keyword_magic_personalized_picture_book_2026-06-30.txt
Keyword Magic Tool,personalized picture book,personalized picture book for kids,n/a,10,n/a,0.00,,"For metrics, refresh",raw/keyword_magic_personalized_picture_book_2026-06-30.txt
Keyword Magic Tool,personalized picture book,personalized picture wedding guest book,n/a,10,n/a,3.04,,"For metrics, refresh",raw/keyword_magic_personalized_picture_book_2026-06-30.txt
Keyword Magic Tool,personalized picture book,picture books for personal narrative,n/a,10,n/a,0.00,,"For metrics, refresh",raw/keyword_magic_personalized_picture_book_2026-06-30.txt
Keyword Magic Tool,personalized picture book,picture books personal narrative,n/a,10,n/a,0.00,,"For metrics, refresh",raw/keyword_magic_personalized_picture_book_2026-06-30.txt
Keyword Magic Tool,personalized picture book,1st person picture books,n/a,0,n/a,0.00,,"For metrics, refresh",raw/keyword_magic_personalized_picture_book_2026-06-30.txt
Keyword Magic Tool,personalized picture book,2nd person picture books,n/a,0,n/a,0.00,,"For metrics, refresh",raw/keyword_magic_personalized_picture_book_2026-06-30.txt
Keyword Magic Tool,personalized picture book,2nd person point of view picture books,n/a,0,n/a,0.00,,"For metrics, refresh",raw/keyword_magic_personalized_picture_book_2026-06-30.txt
Keyword Magic Tool,personalized picture book,3rd person limited picture books,n/a,0,n/a,0.00,,"For metrics, refresh",raw/keyword_magic_personalized_picture_book_2026-06-30.txt
Keyword Magic Tool,personalized picture book,3rd person narrative picture books,n/a,0,n/a,0.00,,"For metrics, refresh",raw/keyword_magic_personalized_picture_book_2026-06-30.txt
Keyword Magic Tool,personalized picture book,3rd person omniscient picture books,n/a,0,n/a,0.00,,"For metrics, refresh",raw/keyword_magic_personalized_picture_book_2026-06-30.txt
Keyword Magic Tool,personalized picture book,3rd person picture books,n/a,0,n/a,0.00,,"For metrics, refresh",raw/keyword_magic_personalized_picture_book_2026-06-30.txt
Keyword Magic Tool,personalized picture book,3rd person point of view picture books,n/a,0,n/a,0.00,,"For metrics, refresh",raw/keyword_magic_personalized_picture_book_2026-06-30.txt
Keyword Magic Tool,personalized picture book,5 picture illustrated or board books that represents personal challenges,n/a,0,n/a,0.00,,"For metrics, refresh",raw/keyword_magic_personalized_picture_book_2026-06-30.txt
Keyword Magic Tool,personalized picture book,a person who draws pictures for a book,n/a,0,n/a,0.00,,"For metrics, refresh",raw/keyword_magic_personalized_picture_book_2026-06-30.txt
Keyword Magic Tool,personalized picture book,adult personalized pictures coloring book,n/a,0,n/a,0.00,,"For metrics, refresh",raw/keyword_magic_personalized_picture_book_2026-06-30.txt
Keyword Magic Tool,personalized picture book,all about me personalized picture book,n/a,0,n/a,0.00,,"For metrics, refresh",raw/keyword_magic_personalized_picture_book_2026-06-30.txt
Keyword Magic Tool,personalized picture book,amuro tooru detective picture book persona,n/a,0,n/a,0.00,,"For metrics, refresh",raw/keyword_magic_personalized_picture_book_2026-06-30.txt
Keyword Magic Tool,personalized picture book,amuro tooru first appeared in the detective picture book persona,n/a,0,n/a,0.00,,"For metrics, refresh",raw/keyword_magic_personalized_picture_book_2026-06-30.txt
Keyword Magic Tool,personalized picture book,amuro toru detective picture book persona,n/a,0,n/a,0.00,,"For metrics, refresh",raw/keyword_magic_personalized_picture_book_2026-06-30.txt
Keyword Magic Tool,personalized picture book,amuro toru first appeared in the detective picture book persona,n/a,0,n/a,0.00,,"For metrics, refresh",raw/keyword_magic_personalized_picture_book_2026-06-30.txt
Keyword Magic Tool,personalized picture book,baby books personalized with pictures,n/a,0,n/a,0.00,,"For metrics, refresh",raw/keyword_magic_personalized_picture_book_2026-06-30.txt
Keyword Magic Tool,personalized picture book,baby picture book personalized,n/a,0,n/a,0.00,,"For metrics, refresh",raw/keyword_magic_personalized_picture_book_2026-06-30.txt
Keyword Magic Tool,personalized picture book,best children's personalized books with their pictures,n/a,0,n/a,0.00,,"For metrics, refresh",raw/keyword_magic_personalized_picture_book_2026-06-30.txt
Keyword Magic Tool,personalized picture book,best personalized childrens books with pictures,n/a,0,n/a,0.00,,"For metrics, refresh",raw/keyword_magic_personalized_picture_book_2026-06-30.txt
Keyword Magic Tool,personalized picture book,best personalized childrens books with their name and picture,n/a,0,n/a,0.00,,"For metrics, refresh",raw/keyword_magic_personalized_picture_book_2026-06-30.txt
Keyword Magic Tool,personalized picture book,best personalized picture books,n/a,0,n/a,0.00,,"For metrics, refresh",raw/keyword_magic_personalized_picture_book_2026-06-30.txt
Keyword Magic Tool,personalized picture book,book layout with personal pictures,n/a,0,n/a,0.00,,"For metrics, refresh",raw/keyword_magic_personalized_picture_book_2026-06-30.txt
Keyword Magic Tool,personalized picture book,book of personal pictures of trip definition,n/a,0,n/a,0.00,,"For metrics, refresh",raw/keyword_magic_personalized_picture_book_2026-06-30.txt
Keyword Magic Tool,personalized picture book,book pictures with a person painting dots on the cover,n/a,0,n/a,0.00,,"For metrics, refresh",raw/keyword_magic_personalized_picture_book_2026-06-30.txt
Keyword Magic Tool,personalized picture book,book with picture of a thermometer with a person,n/a,0,n/a,0.00,,"For metrics, refresh",raw/keyword_magic_personalized_picture_book_2026-06-30.txt
Keyword Magic Tool,personalized picture book,books personalized with kids picture,n/a,0,n/a,0.00,,"For metrics, refresh",raw/keyword_magic_personalized_picture_book_2026-06-30.txt
Keyword Magic Tool,personalized picture book,buy personalized bookcreate your book childs add picture,n/a,0,n/a,0.00,,"For metrics, refresh",raw/keyword_magic_personalized_picture_book_2026-06-30.txt
Keyword Magic Tool,personalized picture book,buy personalized bookcreate your book story book childs add picture,n/a,0,n/a,0.00,,"For metrics, refresh",raw/keyword_magic_personalized_picture_book_2026-06-30.txt
Keyword Magic Tool,personalized picture book,cartoon picture of person reading a book,n/a,0,n/a,0.00,,"For metrics, refresh",raw/keyword_magic_personalized_picture_book_2026-06-30.txt
Keyword Magic Tool,personalized picture book,childrens personalized books with their pictures,n/a,0,n/a,0.00,,"For metrics, refresh",raw/keyword_magic_personalized_picture_book_2026-06-30.txt
Keyword Magic Tool,personalized picture book,choosing a personal picture fir book cover,n/a,0,n/a,0.00,,"For metrics, refresh",raw/keyword_magic_personalized_picture_book_2026-06-30.txt
Keyword Magic Tool,personalized picture book,create your own personalized childrens book with pictures,n/a,0,n/a,0.00,,"For metrics, refresh",raw/keyword_magic_personalized_picture_book_2026-06-30.txt
Keyword Magic Tool,personalized picture book,detective picture book persona,n/a,0,n/a,0.00,,"For metrics, refresh",raw/keyword_magic_personalized_picture_book_2026-06-30.txt
Keyword Magic Tool,personalized picture book,diy personalized baby soft book with family pictures,n/a,0,n/a,0.00,,"For metrics, refresh",raw/keyword_magic_personalized_picture_book_2026-06-30.txt
Keyword Magic Tool,personalized picture book,examples of personal narrative picture books,n/a,0,n/a,0.00,,"For metrics, refresh",raw/keyword_magic_personalized_picture_book_2026-06-30.txt
Keyword Magic Tool,personalized picture book,examples of picture books that are personal narratives,n/a,0,n/a,0.00,,"For metrics, refresh",raw/keyword_magic_personalized_picture_book_2026-06-30.txt
Keyword Magic Tool,personalized picture book,first christmas book personalized with pictures,n/a,0,n/a,0.00,,"For metrics, refresh",raw/keyword_magic_personalized_picture_book_2026-06-30.txt
Keyword Magic Tool,personalized picture book,first person character change picture books,n/a,0,n/a,0.00,,"For metrics, refresh",raw/keyword_magic_personalized_picture_book_2026-06-30.txt
Keyword Magic Tool,personalized picture book,first person personal narrative picture books,n/a,0,n/a,0.00,,"For metrics, refresh",raw/keyword_magic_personalized_picture_book_2026-06-30.txt
Keyword Magic Tool,personalized picture book,first person picture book for 1st grade,n/a,0,n/a,0.00,,"For metrics, refresh",raw/keyword_magic_personalized_picture_book_2026-06-30.txt
Keyword Magic Tool,personalized picture book,first person pov picture books,n/a,0,n/a,0.00,,"For metrics, refresh",raw/keyword_magic_personalized_picture_book_2026-06-30.txt
Keyword Magic Tool,personalized picture book,free personalized children's books with pictures,n/a,0,n/a,0.00,,"For metrics, refresh",raw/keyword_magic_personalized_picture_book_2026-06-30.txt
Keyword Magic Tool,personalized story book,personalized children's story book,C,880,48,0.00,,1 month,raw/keyword_magic_personalized_story_book_2026-06-30.txt
Keyword Magic Tool,personalized story book,personalized story books with photos,C,880,44,1.38,,1 month,raw/keyword_magic_personalized_story_book_2026-06-30.txt
Keyword Magic Tool,personalized story book,personalized story books,C,720,62,2.08,,1 month,raw/keyword_magic_personalized_story_book_2026-06-30.txt
Keyword Magic Tool,personalized story book,children's personalized story books,C,590,46,0.00,,1 month,raw/keyword_magic_personalized_story_book_2026-06-30.txt
Keyword Magic Tool,personalized story book,personalized story books for kids,I;C,590,50,0.00,,1 month,raw/keyword_magic_personalized_story_book_2026-06-30.txt
Keyword Magic Tool,personalized story book,personalized story book,C,320,61,2.08,,1 month,raw/keyword_magic_personalized_story_book_2026-06-30.txt
Keyword Magic Tool,personalized story book,best personalized story books with photos,C,260,58,0.95,,3 weeks,raw/keyword_magic_personalized_story_book_2026-06-30.txt
Keyword Magic Tool,personalized story book,personalized picture story books,C,210,57,1.38,,1 month,raw/keyword_magic_personalized_story_book_2026-06-30.txt
Keyword Magic Tool,personalized story book,personalized story books for babies,C,210,21,0.00,,4 weeks,raw/keyword_magic_personalized_story_book_2026-06-30.txt
Keyword Magic Tool,personalized story book,personalized baby story books,C,140,13,0.00,,1 month,raw/keyword_magic_personalized_story_book_2026-06-30.txt
Keyword Magic Tool,personalized story book,personalized helicopter story book,C,140,1,0.00,,1 month,raw/keyword_magic_personalized_story_book_2026-06-30.txt
Keyword Magic Tool,personalized story book,personalized love story book,C,140,17,2.36,,1 month,raw/keyword_magic_personalized_story_book_2026-06-30.txt
Keyword Magic Tool,personalized story book,personalized boat story book,C,110,2,0.00,,1 month,raw/keyword_magic_personalized_story_book_2026-06-30.txt
Keyword Magic Tool,personalized story book,personalized children's story books,C,110,42,0.00,,1 month,raw/keyword_magic_personalized_story_book_2026-06-30.txt
Keyword Magic Tool,personalized story book,personalized fire truck story book,C,110,0,0.00,,3 weeks,raw/keyword_magic_personalized_story_book_2026-06-30.txt
Keyword Magic Tool,personalized story book,personalized kids story books,I;C,90,58,0.00,,1 month,raw/keyword_magic_personalized_story_book_2026-06-30.txt
Keyword Magic Tool,personalized story book,personalized couples love story book product info and reviews,C,70,19,0.00,,1 month,raw/keyword_magic_personalized_story_book_2026-06-30.txt
Keyword Magic Tool,personalized story book,personalized photo story books,C,70,35,1.38,,1 month,raw/keyword_magic_personalized_story_book_2026-06-30.txt
Keyword Magic Tool,personalized story book,put me in the story personalized books,I;T,70,6,1.63,,1 month,raw/keyword_magic_personalized_story_book_2026-06-30.txt
Keyword Magic Tool,personalized story book,personalized story books for adults,C,50,21,1.17,,4 weeks,raw/keyword_magic_personalized_story_book_2026-06-30.txt
Keyword Magic Tool,personalized story book,a.a. big book personal stories 4th edition,C,40,18,0.00,,1 month,raw/keyword_magic_personalized_story_book_2026-06-30.txt
Keyword Magic Tool,personalized story book,love story personalized book,C,40,13,2.36,,1 month,raw/keyword_magic_personalized_story_book_2026-06-30.txt
Keyword Magic Tool,personalized story book,personal story book,C,40,45,2.08,,1 month,raw/keyword_magic_personalized_story_book_2026-06-30.txt
Keyword Magic Tool,personalized story book,personalized children story book,C,40,44,0.00,,1 month,raw/keyword_magic_personalized_story_book_2026-06-30.txt
Keyword Magic Tool,personalized story book,personalized dog story books,C,40,2,1.60,,1 month,raw/keyword_magic_personalized_story_book_2026-06-30.txt
Keyword Magic Tool,personalized story book,personalized story book for kids,C,40,56,0.00,,1 month,raw/keyword_magic_personalized_story_book_2026-06-30.txt
Keyword Magic Tool,personalized story book,personalized story books for children,I;C,40,44,0.00,,1 month,raw/keyword_magic_personalized_story_book_2026-06-30.txt
Keyword Magic Tool,personalized story book,personalized story books for toddlers,C,40,16,0.00,,1 month,raw/keyword_magic_personalized_story_book_2026-06-30.txt
Keyword Magic Tool,personalized story book,shutterfly personalized story books,T;N,40,29,1.27,,1 month,raw/keyword_magic_personalized_story_book_2026-06-30.txt
Keyword Magic Tool,personalized story book,story book personalized,C,40,42,2.08,,1 month,raw/keyword_magic_personalized_story_book_2026-06-30.txt
Keyword Magic Tool,personalized story book,story bug personalized books,T,40,30,1.73,,1 month,raw/keyword_magic_personalized_story_book_2026-06-30.txt
Keyword Magic Tool,personalized story book,the special name personalized story book product info and reviews,C,40,20,0.00,,1 month,raw/keyword_magic_personalized_story_book_2026-06-30.txt
Keyword Magic Tool,personalized story book,aa big book personal stories 4th edition,n/a,30,n/a,0.00,,"For metrics, refresh",raw/keyword_magic_personalized_story_book_2026-06-30.txt
Keyword Magic Tool,personalized story book,personal story books,C,30,44,2.08,,1 month,raw/keyword_magic_personalized_story_book_2026-06-30.txt
Keyword Magic Tool,personalized story book,personalized christmas story book,C,30,n/a,2.04,,1 month,raw/keyword_magic_personalized_story_book_2026-06-30.txt
Keyword Magic Tool,personalized story book,personalized christmas story books,C,30,5,2.04,,1 month,raw/keyword_magic_personalized_story_book_2026-06-30.txt
Keyword Magic Tool,personalized story book,personalized story books for couples,C,30,12,2.01,,1 month,raw/keyword_magic_personalized_story_book_2026-06-30.txt
Keyword Magic Tool,personalized story book,personalized story books for friends,n/a,30,n/a,0.00,,"For metrics, refresh",raw/keyword_magic_personalized_story_book_2026-06-30.txt
Keyword Magic Tool,personalized story book,personalized story books with photos free,n/a,30,n/a,0.57,,"For metrics, refresh",raw/keyword_magic_personalized_story_book_2026-06-30.txt
Keyword Magic Tool,personalized story book,personalized story books with pictures,C,30,38,1.38,,1 month,raw/keyword_magic_personalized_story_book_2026-06-30.txt
Keyword Magic Tool,personalized story book,aa big book personal stories,n/a,20,n/a,0.00,,"For metrics, refresh",raw/keyword_magic_personalized_story_book_2026-06-30.txt
Keyword Magic Tool,personalized story book,aa big book personal stories audio,n/a,20,n/a,0.00,,"For metrics, refresh",raw/keyword_magic_personalized_story_book_2026-06-30.txt
Keyword Magic Tool,personalized story book,best personalized story books,n/a,20,n/a,0.00,,"For metrics, refresh",raw/keyword_magic_personalized_story_book_2026-06-30.txt
Keyword Magic Tool,personalized story book,big book personal stories,n/a,20,n/a,0.00,,"For metrics, refresh",raw/keyword_magic_personalized_story_book_2026-06-30.txt
Keyword Magic Tool,personalized story book,books about missing persons true story,n/a,20,n/a,0.00,,"For metrics, refresh",raw/keyword_magic_personalized_story_book_2026-06-30.txt
Keyword Magic Tool,personalized story book,create a personalized story book,n/a,20,n/a,1.54,,"For metrics, refresh",raw/keyword_magic_personalized_story_book_2026-06-30.txt
Keyword Magic Tool,personalized story book,is the book personal librarian a true story,n/a,20,n/a,0.00,,"For metrics, refresh",raw/keyword_magic_personalized_story_book_2026-06-30.txt
Keyword Magic Tool,personalized story book,is the book the personal librarian a true story,n/a,20,n/a,0.00,,"For metrics, refresh",raw/keyword_magic_personalized_story_book_2026-06-30.txt
Keyword Magic Tool,personalized story book,magic story personalized books,n/a,20,n/a,1.21,,"For metrics, refresh",raw/keyword_magic_personalized_story_book_2026-06-30.txt
Keyword Magic Tool,personalized story book,make a personalized story book,n/a,20,n/a,1.76,,"For metrics, refresh",raw/keyword_magic_personalized_story_book_2026-06-30.txt
Keyword Magic Tool,personalized story book,my very own name personalized story book,n/a,20,n/a,0.00,,"For metrics, refresh",raw/keyword_magic_personalized_story_book_2026-06-30.txt
Keyword Magic Tool,personalized story book,our love story personalized book,n/a,20,n/a,0.00,,"For metrics, refresh",raw/keyword_magic_personalized_story_book_2026-06-30.txt
Keyword Magic Tool,personalized story book,our story personalized book,n/a,20,n/a,0.00,,"For metrics, refresh",raw/keyword_magic_personalized_story_book_2026-06-30.txt
Keyword Magic Tool,personalized story book,personal life story book,n/a,20,n/a,0.00,,"For metrics, refresh",raw/keyword_magic_personalized_story_book_2026-06-30.txt
Keyword Magic Tool,personalized story book,personal love story book,n/a,20,n/a,0.00,,"For metrics, refresh",raw/keyword_magic_personalized_story_book_2026-06-30.txt
Keyword Magic Tool,personalized story book,personal narrative story books,n/a,20,n/a,0.00,,"For metrics, refresh",raw/keyword_magic_personalized_story_book_2026-06-30.txt
Keyword Magic Tool,personalized story book,personal story book gift,n/a,20,n/a,0.00,,"For metrics, refresh",raw/keyword_magic_personalized_story_book_2026-06-30.txt
Keyword Magic Tool,personalized story book,personalized adoption story book,n/a,20,n/a,0.85,,"For metrics, refresh",raw/keyword_magic_personalized_story_book_2026-06-30.txt
Keyword Magic Tool,personalized story book,personalized adoption story books,n/a,20,n/a,0.85,,"For metrics, refresh",raw/keyword_magic_personalized_story_book_2026-06-30.txt
Keyword Magic Tool,personalized story book,personalized bedtime story book,n/a,20,n/a,1.12,,"For metrics, refresh",raw/keyword_magic_personalized_story_book_2026-06-30.txt
Keyword Magic Tool,personalized story book,personalized bedtime story books,n/a,20,n/a,1.40,,"For metrics, refresh",raw/keyword_magic_personalized_story_book_2026-06-30.txt
Keyword Magic Tool,personalized story book,personalized bible story books,n/a,20,n/a,0.00,,"For metrics, refresh",raw/keyword_magic_personalized_story_book_2026-06-30.txt
Keyword Magic Tool,personalized story book,personalized birth story books,n/a,20,n/a,0.00,,"For metrics, refresh",raw/keyword_magic_personalized_story_book_2026-06-30.txt
Keyword Magic Tool,personalized story book,personalized book story,n/a,20,n/a,1.69,,"For metrics, refresh",raw/keyword_magic_personalized_story_book_2026-06-30.txt
Keyword Magic Tool,personalized story book,personalized cat story books,n/a,20,n/a,0.00,,"For metrics, refresh",raw/keyword_magic_personalized_story_book_2026-06-30.txt
Keyword Magic Tool,personalized story book,personalized dad story book,n/a,20,n/a,0.00,,"For metrics, refresh",raw/keyword_magic_personalized_story_book_2026-06-30.txt
Keyword Magic Tool,personalized story book,personalized disney story books,n/a,20,n/a,0.00,,"For metrics, refresh",raw/keyword_magic_personalized_story_book_2026-06-30.txt
Keyword Magic Tool,personalized story book,personalized family story book,n/a,20,n/a,1.47,,"For metrics, refresh",raw/keyword_magic_personalized_story_book_2026-06-30.txt
Keyword Magic Tool,personalized story book,personalized family story books,n/a,20,n/a,1.60,,"For metrics, refresh",raw/keyword_magic_personalized_story_book_2026-06-30.txt
Keyword Magic Tool,personalized story book,personalized father's day story book,n/a,20,n/a,0.00,,"For metrics, refresh",raw/keyword_magic_personalized_story_book_2026-06-30.txt
Keyword Magic Tool,personalized story book,personalized grandma story book,n/a,20,n/a,0.00,,"For metrics, refresh",raw/keyword_magic_personalized_story_book_2026-06-30.txt
Keyword Magic Tool,personalized story book,personalized life story book,n/a,20,n/a,2.73,,"For metrics, refresh",raw/keyword_magic_personalized_story_book_2026-06-30.txt
Keyword Magic Tool,personalized story book,personalized love story books,n/a,20,n/a,1.91,,"For metrics, refresh",raw/keyword_magic_personalized_story_book_2026-06-30.txt
Keyword Magic Tool,personalized story book,personalized pet story book,n/a,20,n/a,1.10,,"For metrics, refresh",raw/keyword_magic_personalized_story_book_2026-06-30.txt
Keyword Magic Tool,personalized story book,personalized pet story books,n/a,20,n/a,1.05,,"For metrics, refresh",raw/keyword_magic_personalized_story_book_2026-06-30.txt
Keyword Magic Tool,personalized story book,personalized photo story books for kids,n/a,20,n/a,0.00,,"For metrics, refresh",raw/keyword_magic_personalized_story_book_2026-06-30.txt
Keyword Magic Tool,personalized story book,personalized princess story book,n/a,20,n/a,0.00,,"For metrics, refresh",raw/keyword_magic_personalized_story_book_2026-06-30.txt
Keyword Magic Tool,personalized story book,personalized story book for father's day,n/a,20,n/a,0.00,,"For metrics, refresh",raw/keyword_magic_personalized_story_book_2026-06-30.txt
Keyword Magic Tool,personalized story book,personalized story book for mom,n/a,20,n/a,1.42,,"For metrics, refresh",raw/keyword_magic_personalized_story_book_2026-06-30.txt
Keyword Magic Tool,personalized story book,personalized story book for wife,n/a,20,n/a,0.00,,"For metrics, refresh",raw/keyword_magic_personalized_story_book_2026-06-30.txt
Keyword Magic Tool,personalized story book,personalized story book india,n/a,20,n/a,0.00,,"For metrics, refresh",raw/keyword_magic_personalized_story_book_2026-06-30.txt
Keyword Magic Tool,personalized story book,personalized story book with pictures,n/a,20,n/a,0.00,,"For metrics, refresh",raw/keyword_magic_personalized_story_book_2026-06-30.txt
Keyword Magic Tool,personalized story book,personalized story books canada,n/a,20,n/a,0.00,,"For metrics, refresh",raw/keyword_magic_personalized_story_book_2026-06-30.txt
Keyword Magic Tool,personalized story book,personalized story books for dad,n/a,20,n/a,0.00,,"For metrics, refresh",raw/keyword_magic_personalized_story_book_2026-06-30.txt
Keyword Magic Tool,personalized story book,personalized story books for father's day,n/a,20,n/a,0.00,,"For metrics, refresh",raw/keyword_magic_personalized_story_book_2026-06-30.txt
Keyword Magic Tool,personalized story book,personalized story books for grandma,n/a,20,n/a,0.00,,"For metrics, refresh",raw/keyword_magic_personalized_story_book_2026-06-30.txt
Keyword Magic Tool,personalized story book,personalized story books for grandparents,n/a,20,n/a,0.00,,"For metrics, refresh",raw/keyword_magic_personalized_story_book_2026-06-30.txt
Keyword Magic Tool,personalized story book,personalized story books for husband,n/a,20,n/a,0.00,,"For metrics, refresh",raw/keyword_magic_personalized_story_book_2026-06-30.txt
Keyword Magic Tool,personalized story book,personalized story books for kids with pictures,n/a,20,n/a,0.00,,"For metrics, refresh",raw/keyword_magic_personalized_story_book_2026-06-30.txt
Keyword Magic Tool,personalized story book,personalized story books for siblings,n/a,20,n/a,0.00,,"For metrics, refresh",raw/keyword_magic_personalized_story_book_2026-06-30.txt
Keyword Magic Tool,personalized story book,personalized story books for twins,n/a,20,n/a,0.00,,"For metrics, refresh",raw/keyword_magic_personalized_story_book_2026-06-30.txt
Keyword Magic Tool,personalized story book,personalized story books india,n/a,20,n/a,0.00,,"For metrics, refresh",raw/keyword_magic_personalized_story_book_2026-06-30.txt
Keyword Magic Tool,personalized story book,personalized story books with photos shutterfly,n/a,20,n/a,1.17,,"For metrics, refresh",raw/keyword_magic_personalized_story_book_2026-06-30.txt
Keyword Magic Tool,personalized story book,personalized toy story book,n/a,20,n/a,0.71,,"For metrics, refresh",raw/keyword_magic_personalized_story_book_2026-06-30.txt
Keyword Magic Tool,personalized story book,personalized unicorn story book,n/a,20,n/a,0.00,,"For metrics, refresh",raw/keyword_magic_personalized_story_book_2026-06-30.txt
Keyword Magic Tool,personalized story book,personalized wedding story book,n/a,20,n/a,0.00,,"For metrics, refresh",raw/keyword_magic_personalized_story_book_2026-06-30.txt
Keyword Magic Tool,personalized story book,story of us personalized book,n/a,20,n/a,1.31,,"For metrics, refresh",raw/keyword_magic_personalized_story_book_2026-06-30.txt
Keyword Magic Tool,personalized story book,the story of us personalized book,n/a,20,n/a,1.27,,"For metrics, refresh",raw/keyword_magic_personalized_story_book_2026-06-30.txt
Keyword Magic Tool,personalized story book,toy story personalized book,n/a,20,n/a,0.73,,"For metrics, refresh",raw/keyword_magic_personalized_story_book_2026-06-30.txt
Keyword Magic Tool,personalized story book,a person who writes books stories articles is called,n/a,10,n/a,0.00,,"For metrics, refresh",raw/keyword_magic_personalized_story_book_2026-06-30.txt
